lon,lat,q,log_q,dist_gem_km,dist_pb_km,dist_min_km
-127.7864,47.71,489000.0,5.68930885912362,151.96711362890667,128.22638213471217,128.22638213471217
-127.7868,47.7093,425000.0,5.628388930050312,152.07514401328766,128.18445861410217,128.18445861410217
-127.7864,47.71,410000.0,5.6127838567197355,151.96711362890667,128.22638213471217,128.22638213471217
-127.7864,47.7099,383000.0,5.583198773968623,151.97763689597951,128.22674611626698,128.22674611626698
-127.7864,47.7099,207000.0,5.315970345456917,151.97763689597951,128.22674611626698,128.22674611626698
-127.7864,47.71,190000.0,5.278753600952829,151.96711362890667,128.22638213471217,128.22638213471217
-127.7863,47.71,180000.0,5.2552725051033065,151.9585239331593,128.23751140522225,128.23751140522225
-127.786,47.71,154000.0,5.187520720836463,151.93275682590894,128.2708992195324,128.2708992195324
-108.855755,23.941055,123701.0,5.092373210483822,7.605036637883033,7.639404533657721,7.605036637883033
140.6441,28.5717,120744.0,5.081865559037354,238.56084640295717,238.5701088050432,238.56084640295717
114.24403,-8.0605,109480.0,5.039334788738086,333.5579046190281,332.17975749498663,332.17975749498663
140.6447,28.5714,105436.0,5.022988921425964,238.509096333996,238.51837426253536,238.509096333996
-44.8305,28.1369,89800.0,4.9532763366673045,85.79364261894649,85.80152046360134,85.79364261894649
140.6434,28.5715,86000.0,4.9344984512435675,238.64279013651446,238.65205253536485,238.64279013651446
140.6441,28.5717,81700.0,4.912222056532415,238.56084640295717,238.5701088050432,238.56084640295717
140.6439,28.5715,72842.0,4.862381861574274,238.5898611475121,238.5991282528205,238.5898611475121
-127.7864,47.7098,72700.0,4.861534410859038,151.988161214997,128.22711223051485,128.22711223051485
-108.8617489,23.95614241,72632.0,4.861128003090281,6.7218591187986645,6.751555299780384,6.7218591187986645
127.0823,27.2662,72000.0,4.857332496431268,131.59872392127988,0.7936178876358414,0.7936178876358414
-127.7864,47.7099,70800.0,4.850033257689769,151.97763689597951,128.22674611626698,128.22674611626698
-108.8619866,23.95619471,68515.0,4.835785662062868,6.735324709197033,6.764957450276044,6.735324709197033
-127.7864,47.7099,66300.0,4.821513528404773,151.97763689597951,128.22674611626698,128.22674611626698
127.0823,27.2662,66000.0,4.819543935541868,131.59872392127988,0.7936178876358414,0.7936178876358414
127.0823,27.2662,61000.0,4.785329835010767,131.59872392127988,0.7936178876358414,0.7936178876358414
114.24488,-8.06034,59500.0,4.77451696572855,333.59709096539297,332.21355354348236,332.21355354348236
-127.7865,47.7098,57600.0,4.760422483423212,151.99675005115256,128.2159830238447,128.2159830238447
176.4221951,-38.26445633,48000.0,4.681241237375588,3.0618605107714485,16.382263420402253,3.0618605107714485
176.4347529,-38.27043379,45000.0,4.653212513775344,2.824678877986741,18.01391743494549,2.824678877986741
140.6441,28.5717,44204.0,4.645461570238844,238.56084640295717,238.5701088050432,238.56084640295717
127.0823,27.2662,42000.0,4.623249290397901,131.59872392127988,0.7936178876358414,0.7936178876358414
-127.7864,47.7098,41900.0,4.622214022966295,151.988161214997,128.22711223051485,128.22711223051485
-108.8557692,23.94233224,37785.0,4.577319426553794,7.492697887887635,7.526777731561184,7.492697887887635
-44.8302,28.1368,37757.0,4.576997479926748,85.75794217537984,85.76581968675912,85.75794217537984
114.2445,-8.06058,35360.0,4.548512256341035,333.5611320868098,332.1797786485592,332.1797786485592
-108.8619229,23.95431057,34311.0,4.535433375828049,6.897803175353689,6.927870196422043,6.897803175353689
-128.7094,48.4557,33920.0,4.530455843584676,33.858251484388326,33.90195596984276,33.858251484388326
-127.786,47.7101,32600.0,4.513217600067939,151.92223223144208,128.27053749628305,128.27053749628305
127.0749,27.2663,31000.0,4.491361693834273,132.1149512923432,0.30576028376186465,0.30576028376186465
-129.096,47.9553,30468.0,4.483843946921347,3.4465236425652397,3.456828229289678,3.4465236425652397
-127.7866,47.7096,29400.0,4.468347330412158,152.02638863148724,128.205592572342,128.205592572342
-108.8629167,23.95379392,28134.0,4.449231483122493,7.019404666484471,7.049370520182132,7.019404666484471
140.6435,28.5718,27520.0,4.439648429563474,238.62043960969243,238.62969307112132,238.62043960969243
-44.8308,28.1358,26855.0,4.429025156711519,85.77716195652833,85.78489629836753,85.77716195652833
-127.7863,47.71,26000.0,4.414973347970818,151.9585239331593,128.23751140522225,128.23751140522225
-128.6816,48.4303,25680.0,4.409595019396816,33.83493557213222,33.87024373959737,33.83493557213222
-127.7863,47.71,25400.0,4.4048337166199385,151.9585239331593,128.23751140522225,128.23751140522225
127.0832,27.2642,25200.0,4.401400540781544,131.3394170859616,1.0557733857067968,1.0557733857067968
-108.8629073,23.9564604,24143.0,4.3827912343816475,6.781876763260674,6.8112496956735775,6.781876763260674
140.6436,28.5711,23048.0,4.362633245272357,238.63730479409736,238.6465822471047,238.63730479409736
-108.8623609,23.95684034,22410.0,4.3504418565350615,6.706503308140739,6.735910467858993,6.706503308140739
140.6436,28.5711,22360.0,4.349471799214386,238.63730479409736,238.6465822471047,238.63730479409736
-127.7864,47.7099,22100.0,4.344392273685111,151.97763689597951,128.22674611626698,128.22674611626698
176.4407855,-38.27049197,22000.0,4.342422680822207,3.0157405198735336,18.612403811169376,3.0157405198735336
127.0805,27.2622,21700.0,4.336459733848529,131.3264569688084,1.0855528081173287,1.0855528081173287
-127.7863,47.7101,21300.0,4.328379603438738,151.94800112343697,128.23714958779468,128.23714958779468
114.24409,-8.06048,21080.0,4.323870606540509,333.5616227541832,332.1831076862414,332.1831076862414
127.0788,27.2623,20900.0,4.320146286111054,131.45289088752557,0.965618545611034,0.965618545611034
176.436525,-38.27193657,20100.0,4.303196057420489,2.662593082415569,18.28760619065591,2.662593082415569
-127.7864,47.7098,19800.0,4.296665190261531,151.988161214997,128.22711223051485,128.22711223051485
-127.786,47.71,18900.0,4.276461804173244,151.93275682590894,128.2708992195324,128.2708992195324
-127.7867,47.7095,18700.0,4.271841606536499,152.0455026278515,128.19483603992285,128.19483603992285
-127.7864,47.7098,18300.0,4.26245108973043,151.988161214997,128.22711223051485,128.22711223051485
-127.787,47.7093,18000.0,4.2552725051033065,152.09231870946084,128.16220052864156,128.16220052864156
-127.7858,47.7102,17900.0,4.252853030979893,151.8945298881847,128.2924365753923,128.2924365753923
-128.6817,48.4303,17550.0,4.244277120801843,33.82547219227218,33.86079022763018,33.82547219227218
-44.8301,28.1359,16540.0,4.218535505216527,85.7083556946238,85.71612921334884,85.7083556946238
-129.098,47.9473,16244.8,4.210714368840062,3.6656161182194835,3.676587338331384,3.6656161182194835
-44.8302,28.1358,16202.0,4.2095686278359405,85.7144579575969,85.7222156056694,85.7144579575969
140.6432,28.5714,16168.0,4.208656300507248,238.6678833010013,238.67714711016671,238.6678833010013
114.24468,-8.06074,15980.0,4.203576774977972,333.5482132664035,332.165453825149,332.165453825149
-110.31,44.55,15600.0,4.193124598354461,9.24782847133379,1673.117128686626,9.24782847133379
-128.7078,48.4548,15570.0,4.19228861256812,33.89557110070139,33.938929452199204,33.89557110070139
-114.085,31.0617,15436.0,4.188534769899359,106.8009401805306,30.874576068816687,30.874576068816687
-110.3117,44.55,15300.0,4.184691430817598,9.06942162722913,1673.037183750194,9.06942162722913
-128.7093,48.459,14740.0,4.168497483523033,34.23037456666948,34.274686844373605,34.23037456666948
-128.7092,48.456,14660.0,4.1661339703051095,33.907974479371354,33.95171428173571,33.907974479371354
-129.098,47.9567,14417.0,4.158874898455997,3.1606170642351437,3.170847386896737,3.1606170642351437
-127.7862,47.7099,14400.0,4.158362492095249,151.96045902409983,128.2490045945749,128.2490045945749
-127.7862,47.71,14300.0,4.155336037465061,151.94993456737637,128.2486406761917,128.2486406761917
-128.709,48.456,14240.0,4.153509989300837,33.92484725234645,33.96856532840261,33.92484725234645
-128.7083,48.4553,14170.0,4.151369850247461,33.90756282885504,33.951071405146536,33.90756282885504
-128.7096,48.4574,14150.0,4.150756439860309,34.028222088682945,34.07226940142394,34.028222088682945
-128.7089,48.4589,14070.0,4.1482940974347455,34.25270912410065,34.2969597688153,34.25270912410065
-129.098,47.9531,13789.0,4.139532771597939,3.35403181100971,3.364545897554831,3.35403181100971
-128.7089,48.4561,13560.0,4.132259689531044,33.94423408709389,33.98796029872659,33.94423408709389
-128.7088,48.4595,13540.0,4.1316186643491255,34.32763521132206,34.37198562613017,34.32763521132206
-127.7855,47.7104,13500.0,4.1303337684950066,151.84771428484967,128.32511210709384,128.32511210709384
-128.7086,48.4555,13340.0,4.12515582958053,33.90398369029992,33.94756307669383,33.90398369029992
-44.8083,26.1467,13300.0,4.123851640967086,5.81860959181419,5.837162270211663,5.81860959181419
-129.097,47.9522,13216.0,4.121100029976307,3.5077274578098607,3.518294436783021,3.5077274578098607
-128.708,48.4555,13190.0,4.120244795546365,33.954757985057405,33.99827228842376,33.954757985057405
-128.698,48.46,13161.0,4.119288889124608,35.29216529311462,35.33546418606195,35.29216529311462
-127.7859,47.7097,13100.0,4.117271295655764,151.9557503302011,128.2831263581744,128.2831263581744
-129.097,47.9562,12967.0,4.112839510845115,3.292825094902151,3.3030767849426153,3.292825094902151
-128.7086,48.4552,12950.0,4.112269768417271,33.871264826795354,33.914786825711644,33.871264826795354
-129.097,47.9559,12726.0,4.104691918900206,3.3089433491917366,3.319218686748791,3.3089433491917366
-128.7089,48.459,12670.0,4.1027766148834415,34.26379428167553,34.308063394519436,34.26379428167553
-128.7075,48.4564,12380.0,4.092720644684099,34.09525968623664,34.138891238692615,34.09525968623664
-128.7092,48.4551,12310.0,4.090258052931317,33.80958409940646,33.85315219219296,33.80958409940646
-129.093,47.9538,12283.0,4.0893044518478705,3.8431447711164237,3.8535134556297277,3.8431447711164237
-86.0975,0.6107,12226.0,4.087284391453761,21.64890152443945,28.95265911642778,21.64890152443945
-86.0975,0.6107,12226.0,4.087284391453761,21.64890152443945,28.95265911642778,21.64890152443945
-86.0975,0.6107,12226.0,4.087284391453761,21.64890152443945,28.95265911642778,21.64890152443945
-86.0975,0.6107,12226.0,4.087284391453761,21.64890152443945,28.95265911642778,21.64890152443945
-127.7861,47.7099,12200.0,4.086359830674748,151.95187058322344,128.26013383443345,128.26013383443345
-127.787,47.7092,12200.0,4.086359830674748,152.10284576843154,128.16257963581944,128.16257963581944
-128.7078,48.4564,12150.0,4.084576277934331,34.069915766038164,34.11357973359445,34.069915766038164
-44.8302,28.1366,12113.0,4.083251717221604,85.74924529935451,85.75709883798292,85.74924529935451
-128.708,48.4561,12080.0,4.082066934285113,34.02022782903179,34.06385649111999,34.02022782903179
-108.8558633,23.94237341,12067.0,4.081599312732936,7.496211419811185,7.530261583552458,7.496211419811185
-128.7076,48.4553,11780.0,4.071145290451083,33.96687526788257,34.010307967269256,33.96687526788257
-128.7099,48.4593,11680.0,4.067442842776381,34.213657124905225,34.2580894677188,34.213657124905225
140.6436,28.5711,11610.0,4.064832219738574,238.63730479409736,238.6465822471047,238.63730479409736
-128.7099,48.457,11540.0,4.062205808819713,33.95893736056101,34.00294218986648,33.95893736056101
-127.7863,47.7099,11500.0,4.060697840353612,151.9690477950353,128.23787535518852,128.23787535518852
-129.099,47.9467,11398.0,4.056828652637812,3.592502916308024,3.6035394686251467,3.592502916308024
-44.8307,28.1368,11220.0,4.049992856920142,85.81019550782209,85.8180535973403,85.81019550782209
-117.49,40.7667,11200.0,4.049218022670182,0.29815766051430964,713.5823677112365,0.29815766051430964
-127.7863,47.7097,11200.0,4.049218022670182,151.99009867432642,128.23860965261503,128.23860965261503
-114.09308,31.04473,10894.0,4.037187370937113,108.25129880179585,28.937703984710314,28.937703984710314
-114.09308,31.04473,10894.0,4.037187370937113,108.25129880179585,28.937703984710314,28.937703984710314
-114.09308,31.04473,10894.0,4.037187370937113,108.25129880179585,28.937703984710314,28.937703984710314
-129.093,47.9548,10882.0,4.036708721569886,3.789419076451151,3.79970893857879,3.789419076451151
114.24466,-8.0607,10880.0,4.036628895362161,333.5520805690325,332.16950763446437,332.16950763446437
-111.389,27.4091,10835.0,4.034828915655837,4.9244574839792685,4.922688752161275,4.922688752161275
-128.7091,48.4589,10680.0,4.0285712526925375,34.23599069484981,34.28026292053972,34.23599069484981
-128.7092,48.4557,10570.0,4.024074987307427,33.87513439115785,33.9188171229493,33.87513439115785
-128.6816,48.4308,10530.0,4.0224283711854865,33.879178543907415,33.9146062876277,33.879178543907415
-44.8083,26.1467,10490.0,4.020775488193558,5.81860959181419,5.837162270211663,5.81860959181419
-128.7096,48.4867,10450.0,4.019116290447073,37.322151549419715,37.363005113305526,37.322151549419715
-44.8301,28.1372,10390.0,4.016615547557177,85.7648853096473,85.77281465103475,85.7648853096473
-128.7084,48.458,10360.0,4.015359755409214,34.19509846733844,34.2391280858126,34.19509846733844
140.6428,28.5712,10320.0,4.013679697291193,238.71806961879534,238.72733624858114,238.71806961879534
-108.8627736,23.95484788,10319.0,4.013637612453532,6.914899596365826,6.944661449313862,6.914899596365826
-128.7098,48.4568,10310.0,4.013258665283517,33.94530844155789,33.98926477226561,33.94530844155789
-128.7095,48.4576,10290.0,4.012415374762433,34.05868015166722,34.10275404883619,34.05868015166722
-128.7083,48.4582,10260.0,4.011147360775797,34.22555052371848,34.26960662140465,34.22555052371848
-114.08051,31.06036,10241.0,4.010342366139568,107.2069664235545,31.20452115162832,31.20452115162832
-114.08051,31.06036,10241.0,4.010342366139568,107.2069664235545,31.20452115162832,31.20452115162832
-114.08051,31.06036,10241.0,4.010342366139568,107.2069664235545,31.20452115162832,31.20452115162832
-119.01,39.7983,10234.4,4.010062386878617,25.429300893575537,493.68924804991485,25.429300893575537
-128.7096,48.4569,10230.0,4.00987563371216,33.97312422627496,34.017077658574394,33.97312422627496
-129.095,47.9552,10083.0,4.00358976718914,3.557240376356577,3.5675348000106086,3.557240376356577
-129.094,47.9557,10061.0,4.0026411490000395,3.6357209967025956,3.64595796283275,3.6357209967025956
-119.3717,40.6633,9999.0,3.9999565683801923,1.5916344613532762,528.7556422664419,1.5916344613532762
-119.371,40.6633,9999.0,3.9999565683801923,1.66944946926522,528.8249609814774,1.66944946926522
-128.7077,48.4583,9960.0,3.998259338423699,34.28693352367725,34.3309435935305,34.28693352367725
-128.7079,48.4552,9950.0,3.9978230807457256,33.93056402103937,33.9740100555176,33.93056402103937
-128.708,48.4592,9940.0,3.997386384397313,34.36121650943067,34.40542561646978,34.36121650943067
-128.7099,48.4568,9810.0,3.9916690073799486,33.93690557632328,33.98087277665122,33.93690557632328
140.6449,28.5714,9718.0,3.9875768947269874,238.48792473839364,238.49720454951614,238.48792473839364
-44.8078,26.1418,9660.0,3.9849771264154934,6.0701399668868214,6.088182288336095,6.0701399668868214
-127.7864,47.71,9600.0,3.9822712330395684,151.96711362890667,128.22638213471217,128.22638213471217
-128.7083,48.4578,9590.0,3.9818186071706636,34.18145279591388,34.22543428057865,34.18145279591388
-128.7091,48.4565,9550.0,3.9800033715837464,33.971225734964804,34.015049434367846,33.971225734964804
-128.7099,48.4567,9510.0,3.978180516937414,33.92589680898324,33.969845167383156,33.92589680898324
-128.7091,48.4557,9410.0,3.973589623427257,33.88357817585518,33.92725003592779,33.88357817585518
-128.709,48.4557,9410.0,3.973589623427257,33.8920235132154,33.93568450497821,33.8920235132154
176.4373493,-38.27182265,9400.0,3.9731278535996988,2.704466893988505,18.36135475987174,2.704466893988505
-127.785,47.7114,9400.0,3.9731278535996988,151.69955610714453,128.37732608477776,128.37732608477776
-108.8622379,23.95627241,9338.0,3.970253869594787,6.747570675830661,6.777131347451003,6.747570675830661
-128.7081,48.4582,9310.0,3.9689496809813427,34.24233195305631,34.286366487534316,34.24233195305631
-128.708,48.4575,9300.0,3.9684829485539352,34.17366029620006,34.217553242188835,34.17366029620006
-108.8624869,23.95647123,9228.0,3.9651075858490556,6.748884552607071,6.7783466300564985,6.748884552607071
-127.7873,47.7101,9210.0,3.964259630196849,152.03391886613082,128.12585658937846,128.12585658937846
-128.7104,48.4555,9130.0,3.960470777534299,33.75199556148698,33.79577093597097,33.75199556148698
-128.7098,48.4578,9090.0,3.9585638832219674,34.05562946012829,34.09977323063127,34.05562946012829
-128.7094,48.4565,9070.0,3.957607287060095,33.94596443639111,33.989820705665444,33.94596443639111
-128.7094,48.458,9050.0,3.9566485792052033,34.11124687508712,34.155384586604356,34.11124687508712
-44.8083,26.145,8930.0,3.9508514588885464,5.887629925049313,5.905999743179426,5.887629925049313
-111.38,27.05,8910.0,3.949877704036875,3.1615992805458215,3.172786338489082,3.1615992805458215
-111.378,27.045,8910.0,3.949877704036875,3.6932275276332316,3.703798326774042,3.6932275276332316
-127.786,47.7103,8900.0,3.949390006644913,151.9011861996742,128.2698204458578,128.2698204458578
-128.7075,48.459,8840.0,3.946452265013073,34.38096160811881,34.42508004935244,34.38096160811881
-128.7098,48.4552,8830.0,3.9459607035775686,33.769785137698356,33.81343775354515,33.769785137698356
-128.7097,48.4578,8780.0,3.9434945159061026,34.064006676585386,34.10813960504695,34.064006676585386
-128.7078,48.4561,8750.0,3.942008053022313,34.03713233388512,34.08073935557731,34.03713233388512
-113.56,37.6517,8570.0,3.932980821923198,44.69056223319517,604.1082950937183,44.69056223319517
-44.8303,28.1358,8538.0,3.931356150467928,85.72490862408519,85.73266238778544,85.72490862408519
-128.708,48.4578,8430.0,3.9258275746247424,34.206659737510854,34.25060885375273,34.206659737510854
-119.41,40.4133,8420.4,3.9253327225764405,2.766902758073458,508.56024560244026,2.766902758073458
-128.7091,48.4559,8320.0,3.920123326290724,33.90546131862552,33.9491712487166,33.90546131862552
-119.76,39.3883,8295.0,3.9188163903603797,8.65654887427519,391.3269684230453,8.65654887427519
-86.0995,0.5819,8274.0,3.9177155165594932,24.862490177163796,32.16623749121217,24.862490177163796
-86.0995,0.5819,8274.0,3.9177155165594932,24.862490177163796,32.16623749121217,24.862490177163796
-86.0995,0.5819,8274.0,3.9177155165594932,24.862490177163796,32.16623749121217,24.862490177163796
-86.0995,0.5819,8274.0,3.9177155165594932,24.862490177163796,32.16623749121217,24.862490177163796
-128.7082,48.4568,8210.0,3.9143431571194407,34.07996703419388,34.123749905577725,34.07996703419388
-127.7869,47.7099,8110.0,3.909020854211156,152.02058734879895,128.1710999287348,128.1710999287348
127.0828,27.2628,8080.0,3.907411360774586,131.2283056764584,1.1727957232470811,1.1727957232470811
-111.39,27.4079,8069.0,3.9068197154665456,4.904901509952474,4.903219408043717,4.903219408043717
-111.39,27.4079,8069.0,3.9068197154665456,4.904901509952474,4.903219408043717,4.903219408043717
-119.75,39.3883,8052.5,3.905930733491729,9.757473146402337,392.2301370340661,9.757473146402337
-128.71,48.4589,8020.0,3.9041743682841634,34.16083607430756,34.20520557370179,34.16083607430756
-128.7082,48.4551,8000.0,3.9030899869919438,33.894255112102414,33.93771450727379,33.894255112102414
-113.56,37.6383,8000.0,3.9030899869919438,43.75602967854524,602.5629923645472,43.75602967854524
-128.7075,48.4566,7980.0,3.9020028913507296,34.1171229704881,34.16079240921633,34.1171229704881
-127.7863,47.7099,7980.0,3.9020028913507296,151.9690477950353,128.23787535518852,128.23787535518852
-128.71,48.46,7932.0,3.8993827055332653,34.28335570868024,34.32792706843569,34.28335570868024
-128.7117,48.4567,7932.0,3.8993827055332653,33.774865851696,33.81901047786978,33.774865851696
-128.7082,48.4546,7920.0,3.8987251815894934,33.83989909780909,33.883262341769345,33.83989909780909
-128.6825,48.4304,7890.0,3.89707700320942,33.758660647060054,33.7940817524164,33.758660647060054
114.24423,-8.06033,7820.0,3.893206753059848,333.58160786664746,332.2023738423661,332.2023738423661
-44.8299,28.1362,7792.0,3.891648943870559,85.70049959654241,85.70831684292,85.70049959654241
-129.095,47.9552,7765.0,3.8901414600645774,3.557240376356577,3.5675348000106086,3.557240376356577
-127.7865,47.71,7760.0,3.8898617212581885,151.97570365455675,128.21525286466897,128.21525286466897
-128.7097,48.4549,7750.0,3.88930170250631,33.74546779138922,33.78905202367586,33.74546779138922
-128.7086,48.4571,7750.0,3.88930170250631,34.07921368285754,34.12309634732045,34.07921368285754
-119.01,39.775,7730.8,3.8882244379814823,28.79093827611704,491.7160468426237,28.79093827611704
176.4224668,-38.26997811,7700.0,3.886490725172482,2.9605465634481707,16.77281489722477,2.9605465634481707
-128.7098,48.4563,7660.0,3.884228769632604,33.89032584618144,33.93418777205325,33.89032584618144
-119.0,39.8083,7609.8,3.8813732428365677,24.125953141040533,495.43948914940285,24.125953141040533
-128.71,48.4583,7599.0,3.8807564445102103,34.094244234315184,34.138502712835034,34.094244234315184
-128.71,48.46,7599.0,3.8807564445102103,34.28335570868024,34.32792706843569,34.28335570868024
-128.7104,48.456,7590.0,3.88024177589548,33.8068689040409,33.850739348940735,33.8068689040409
-128.7097,48.4549,7580.0,3.8796692056320534,33.74546779138922,33.78905202367586,33.74546779138922
-128.7099,48.4576,7570.0,3.8790958795000727,34.02514638094915,34.069263659299416,34.02514638094915
-128.7071,48.4556,7560.0,3.8785217955012063,34.04189837445853,34.085334409717575,34.04189837445853
-128.7107,48.4559,7530.0,3.8767949762007006,33.7706352977432,33.814519509510305,33.7706352977432
140.644,28.572,7482.0,3.874017703862186,238.55966744936998,238.56891903143244,238.55966744936998
-128.7092,48.4595,7400.0,3.8692317197309762,34.29426325548768,34.33865677218597,34.29426325548768
-128.7087,48.457,7330.0,3.8651039746411278,34.05980982466183,34.1036844959753,34.05980982466183
176.4350215,-38.27502927,7300.0,3.863322860120456,2.19542307311587,18.34316264363621,2.19542307311587
127.08,27.2655,7200.0,3.8573324964312685,131.68658041495544,0.7165799966066332,0.7165799966066332
-127.7864,47.71,7160.0,3.8549130223078554,151.96711362890667,128.22638213471217,128.22638213471217
-128.7076,48.4587,7150.0,3.8543060418010806,34.339446153369366,34.38351978278451,34.339446153369366
-114.086,31.0619,7115.0,3.8521749044203033,106.72165170824822,30.794269369960126,30.794269369960126
-128.7095,48.4545,7000.0,3.845098040014257,33.718787469884994,33.76227297359415,33.718787469884994
-128.7083,48.4551,6980.0,3.843855422623161,33.885781074940155,33.929251324361886,33.885781074940155
-128.7107,48.4556,6980.0,3.843855422623161,33.73768664257349,33.78151383342369,33.73768664257349
-44.8304,28.1369,6959.0,3.842546836495015,85.78319195245734,85.79107368148439,85.78319195245734
-126.7817,42.681,6950.0,3.8419848045901137,5.5265473210442355,5.513409379766504,5.513409379766504
-128.7091,48.4555,6920.0,3.840106094456758,33.86171425905092,33.90534797543885,33.86171425905092
-108.8631051,23.95656559,6916.0,3.839854984601885,6.787605106581638,6.81691148772058,6.787605106581638
-128.7084,48.4568,6870.0,3.8369567370595505,34.063112890650615,34.10691739761719,34.063112890650615
-114.08943,31.05308,6805.0,3.8328281295393536,107.515274186808,29.860033114768623,29.860033114768623
-114.08943,31.05308,6805.0,3.8328281295393536,107.515274186808,29.860033114768623,29.860033114768623
-114.08943,31.05308,6805.0,3.8328281295393536,107.515274186808,29.860033114768623,29.860033114768623
-128.71,48.46,6788.0,3.8317418336456384,34.28335570868024,34.32792706843569,34.28335570868024
-128.7067,48.4583,6788.0,3.8317418336456384,34.3709694244067,34.41487202850841,34.3709694244067
-128.7076,48.4573,6770.0,3.8305886686851442,34.185369455757495,34.22918170628795,34.185369455757495
-127.7879,47.7096,6720.0,3.8273692730538253,152.13806233650368,128.06091376984523,128.06091376984523
-128.7093,48.4545,6690.0,3.8254261177678233,33.73573282436499,33.7791965135518,33.73573282436499
-128.7076,48.4572,6660.0,3.823474229170301,34.1743993958535,34.21819284147167,34.1743993958535
-108.8626912,23.95643309,6640.0,3.8221680793680175,6.7678374924668585,6.797263584361888,6.7678374924668585
-129.097,47.9522,6576.7,3.818008031715404,3.5077274578098607,3.518294436783021,3.5077274578098607
-128.6367,48.4617,6555.0,3.8165726960261033,40.90058951340062,40.9384237922575,40.90058951340062
-128.64,48.46,6555.0,3.8165726960261033,40.436280190920975,40.474076318634,40.436280190920975
-119.79,41.3833,6521.2,3.8143275198768998,38.96829368100625,532.3920583960578,38.96829368100625
-111.39,27.408,6509.0,3.8135142715418833,4.898537905685074,4.89685077632019,4.89685077632019
-111.39,27.408,6509.0,3.8135142715418833,4.898537905685074,4.89685077632019,4.89685077632019
-119.73,39.38,6487.5,3.8120773708565143,11.88966020264232,393.33764527427746,11.88966020264232
-108.8633035,23.95659078,6432.0,3.808346035740395,6.800484088061796,6.8297416377446165,6.800484088061796
-0.6383,43.42,6390.0,3.8055008581584002,179.82929986659778,1047.1839225601923,179.82929986659778
-128.7096,48.4547,6290.0,3.798650645445269,33.7321116845648,33.77564659251836,33.7321116845648
-128.7083,48.4567,6280.0,3.797959643737196,34.060573933856865,34.10434874185308,34.060573933856865
-128.71,48.46,6280.0,3.797959643737196,34.28335570868024,34.32792706843569,34.28335570868024
-111.402,27.317,6250.0,3.7958800173440754,9.536004339902577,9.539205918393423,9.536004339902577
-127.7862,47.7101,6240.0,3.795184589682424,151.93941116278359,128.2482788901623,128.2482788901623
-127.7863,47.7097,6210.0,3.79309160017658,151.99009867432642,128.23860965261503,128.23860965261503
-114.0975,31.03635,6198.0,3.792251571903264,108.9560347435066,27.940837913282962,27.940837913282962
-114.0975,31.03635,6198.0,3.792251571903264,108.9560347435066,27.940837913282962,27.940837913282962
-114.0975,31.03635,6198.0,3.792251571903264,108.9560347435066,27.940837913282962,27.940837913282962
-113.45,42.0667,6176.5,3.7907424457557015,90.52176308813544,1167.5531953309753,90.52176308813544
-128.7099,48.458,6170.0,3.7902851640332416,34.06938008661216,34.11357196735275,34.06938008661216
-119.79,41.3783,6132.0,3.7876021461823375,38.374420987270796,532.0920525394677,38.374420987270796
-119.8,41.37,6132.0,3.7876021461823375,36.77150326413468,530.5761295368015,36.77150326413468
-129.096,47.9505,6102.0,3.785472203306388,3.704399990410762,3.7150829143362416,3.704399990410762
-114.08626,31.06183,6073.0,3.7834032811225633,106.71467402590201,30.764934432391616,30.764934432391616
-114.08626,31.06183,6073.0,3.7834032811225633,106.71467402590201,30.764934432391616,30.764934432391616
-114.08626,31.06183,6073.0,3.7834032811225633,106.71467402590201,30.764934432391616,30.764934432391616
-128.7099,48.4579,6070.0,3.7831886910752575,34.058314603735155,34.102487861079865,34.058314603735155
-128.7105,48.4563,6040.0,3.7810369386211318,33.83144328784433,33.87538145508094,33.83144328784433
-113.42,42.0817,6037.5,3.7808571437595684,88.59763969408901,1171.5374315401102,88.59763969408901
-119.02,39.7867,6023.6,3.7798561246201774,27.025227006445327,491.80362964420425,27.025227006445327
-128.71,48.46,5963.0,3.7754648093457392,34.28335570868024,34.32792706843569,34.28335570868024
-128.71,48.4567,5963.0,3.7754648093457392,33.91749278820517,33.961452021963886,33.91749278820517
-108.8624242,23.95594737,5923.0,3.7725417326409434,6.790632140296886,6.820224762822791,6.790632140296886
-119.75,39.405,5904.8,3.7712051923191607,10.151885343894868,393.6364665436259,10.151885343894868
-44.8301,28.1367,5877.0,3.7691556907143986,85.74314306885069,85.75101247822114,85.74314306885069
-108.8624964,23.95635848,5862.0,3.768045814102417,6.759621856242889,6.78910702265495,6.759621856242889
-113.43,42.0817,5832.8,3.765877085227288,89.57633435808668,1170.7138227240225,89.57633435808668
-119.4,40.3967,5832.0,3.765817515309918,1.7263965473303173,508.4733930909742,1.7263965473303173
-127.7866,47.7099,5790.0,3.762678563727436,151.99481608765342,128.20448763984123,128.20448763984123
-128.7104,48.4568,5780.0,3.761927838420529,33.89491484313844,33.938936441648856,33.89491484313844
114.24427,-8.06099,5780.0,3.761927838420529,333.51039615220077,332.1300038069522,332.1300038069522
-119.01,39.7967,5693.6,3.7553869528188693,25.6600640504144,493.5537278826981,25.6600640504144
-127.7853,47.7105,5670.0,3.7535830588929064,151.82001185443283,128.34701792490876,128.34701792490876
-129.093,47.9543,5629.0,3.750431248660202,3.8162820537515345,3.8266113272626847,3.8162820537515345
127.0685,27.2517,5600.0,3.7481880270062002,131.12571689179805,1.3822262272338401,1.3822262272338401
-128.7106,48.4575,5580.0,3.7466341989375787,33.955457357159986,33.99963200059461,33.955457357159986
-114.06566,31.1035,5569.0,3.745777217889759,103.33992983954955,28.354187938633302,28.354187938633302
-114.06566,31.1035,5569.0,3.745777217889759,103.33992983954955,28.354187938633302,28.354187938633302
-114.06566,31.1035,5569.0,3.745777217889759,103.33992983954955,28.354187938633302,28.354187938633302
-119.75,39.3967,5563.8,3.745371510166611,9.954185334060803,392.93747027548176,9.954185334060803
-119.4,40.4033,5446.4,3.736109534068475,1.591662092000369,508.9039652398091,1.591662092000369
114.24429,-8.06025,5440.0,3.73559889969818,333.59189283468584,332.21237186280047,332.21237186280047
-108.861476,23.95602093,5434.0,3.735119634081872,6.711855591876439,6.74163831534818,6.711855591876439
-129.099,47.9467,5422.4,3.734191551493303,3.592502916308024,3.6035394686251467,3.592502916308024
-128.7083,48.4583,5393.0,3.7318304202881625,34.23658671034416,34.28066141631496,34.23658671034416
-128.71,48.46,5393.0,3.7318304202881625,34.28335570868024,34.32792706843569,34.28335570868024
-119.4,40.4083,5374.8,3.7303623084923125,1.5251925069427592,509.23018436779927,1.5251925069427592
-127.7853,47.7095,5330.0,3.7267272090265724,151.92530470913294,128.35064361405836,128.35064361405836
-113.53,42.0617,5250.0,3.720159303405957,98.27703062107999,1160.4599343493837,98.27703062107999
-114.05715,31.05065,5217.0,3.717420836722375,109.63861305222541,32.73137229295619,32.73137229295619
-114.05715,31.05065,5217.0,3.717420836722375,109.63861305222541,32.73137229295619,32.73137229295619
-114.05715,31.05065,5217.0,3.717420836722375,109.63861305222541,32.73137229295619,32.73137229295619
-128.7096,48.4586,5150.0,3.711807229041191,34.160937911117045,34.20520868598177,34.160937911117045
-122.1083,48.9276,5146.0,3.7114697818743276,2.8490493118441838,511.8247783933739,2.8490493118441838
176.4285597,-38.26122257,5100.0,3.7075701760979363,3.453985409093559,16.796619229907368,3.453985409093559
-117.49,40.7667,5091.8,3.70687133673295,0.29815766051430964,713.5823677112365,0.29815766051430964
-127.7862,47.7098,4980.0,3.6972293427597176,151.97098453272207,128.24937064528135,128.24937064528135
-119.75,39.405,4978.6,3.6971072347769347,10.151885343894868,393.6364665436259,10.151885343894868
130.767,31.6583,4941.0,3.6938148538894167,4.861489277468895,42.835173939012606,4.861489277468895
-128.7095,48.4544,4930.0,3.69284691927723,33.70790020697577,33.751366434635294,33.70790020697577
-128.7078,48.4599,4920.0,3.69196510276736,34.45553689146502,34.49985322201912,34.45553689146502
-128.6828,48.4299,4910.0,3.6910814921229687,33.68603752148061,33.72136832584401,33.68603752148061
-128.6817,48.43,4907.0,3.6908160579809155,33.79899131760339,33.83423737776017,33.79899131760339
-128.68,48.43,4907.0,3.6908160579809155,33.96013184289083,33.99521083378837,33.96013184289083
-113.45,42.0667,4906.5,3.6907718031806627,90.52176308813544,1167.5531953309753,90.52176308813544
-127.7893,47.7101,4890.0,3.6893088591236203,152.20585310275092,127.9032707308815,127.9032707308815
-108.8559605,23.94257743,4864.0,3.6869935662646784,7.485499748629366,7.519483224294438,7.485499748629366
-121.77,42.2333,4854.6,3.6861534515561973,5.447652970751169,383.2670242229286,5.447652970751169
-129.094,47.9545,4841.0,3.6849350826408895,3.7001928284758074,3.71052438293321,3.7001928284758074
-128.71,48.46,4818.0,3.6828667956623247,34.28335570868024,34.32792706843569,34.28335570868024
-128.7083,48.46,4818.0,3.6828667956623247,34.42491624265307,34.46930455465588,34.42491624265307
-129.095,47.955,4797.0,3.680969718465897,3.567985681651009,3.578295870026246,3.567985681651009
-118.58,39.3433,4773.9,3.678873317497914,5.6309492112947135,480.71698505802885,5.6309492112947135
114.24416,-8.06034,4760.0,3.677606952720493,333.5787290572699,332.1999425826735,332.1999425826735
-119.75,39.39,4727.5,3.6746315375170773,9.794623347184283,392.3732809361903,9.794623347184283
-128.68,48.43,4714.0,3.673389578188305,33.96013184289083,33.99521083378837,33.96013184289083
-128.68,48.43,4714.0,3.673389578188305,33.96013184289083,33.99521083378837,33.96013184289083
-127.7848,47.7122,4670.0,3.6693168805661123,151.59826327346283,128.3969929132034,128.3969929132034
130.762,31.655,4648.0,3.6672661193822744,5.121470409288424,43.30333476006036,5.121470409288424
-114.0666,31.05416,4613.0,3.6639834546082666,108.69856267917126,32.08472383688806,32.08472383688806
-114.0666,31.05416,4613.0,3.6639834546082666,108.69856267917126,32.08472383688806,32.08472383688806
-114.0666,31.05416,4613.0,3.6639834546082666,108.69856267917126,32.08472383688806,32.08472383688806
-128.7069,48.4563,4600.0,3.662757831681574,34.13508084661456,34.17862867631653,34.13508084661456
-118.57,39.3583,4586.4,3.661471928766619,3.481219924171771,483.0648586534479,3.481219924171771
-119.75,39.395,4585.0,3.66133934000604,9.913695463349404,392.79431262693805,9.913695463349404
-127.7866,47.7131,4570.0,3.6599162000698504,151.65863264246798,128.1938963689791,128.1938963689791
-128.71,48.4567,4559.0,3.6588695922019623,33.91749278820517,33.961452021963886,33.91749278820517
-128.71,48.46,4559.0,3.6588695922019623,34.28335570868024,34.32792706843569,34.28335570868024
-128.7069,48.4574,4550.0,3.6580113966571126,34.25533393862935,34.299089592779154,34.25533393862935
-108.86241,23.95621669,4528.0,3.6559064181802152,6.76563158818466,6.79516720991528,6.76563158818466
-86.0987,0.5752,4522.0,3.6553305580093407,25.60227979008799,32.9060569763233,25.60227979008799
-86.0987,0.5752,4522.0,3.6553305580093407,25.60227979008799,32.9060569763233,25.60227979008799
-86.0987,0.5752,4522.0,3.6553305580093407,25.60227979008799,32.9060569763233,25.60227979008799
-86.0987,0.5752,4522.0,3.6553305580093407,25.60227979008799,32.9060569763233,25.60227979008799
-126.7812,42.682,4511.0,3.6542728270977105,5.513703788178846,5.500528406389898,5.500528406389898
-44.83,28.1359,4509.0,3.6540802353065707,85.69790502813466,85.70568243123189,85.69790502813466
-128.71,48.46,4439.0,3.6472851450253665,34.28335570868024,34.32792706843569,34.28335570868024
-128.71,48.46,4439.0,3.6472851450253665,34.28335570868024,34.32792706843569,34.28335570868024
-128.71,48.4567,4434.0,3.6467956887784694,33.91749278820517,33.961452021963886,33.91749278820517
-128.71,48.46,4434.0,3.6467956887784694,34.28335570868024,34.32792706843569,34.28335570868024
-128.7109,48.4545,4430.0,3.6464037262230695,33.600343767287335,33.643982362141635,33.600343767287335
-128.6793,48.4338,4340.0,3.637489729512511,34.36372174710105,34.39963031227714,34.36372174710105
-118.58,39.3517,4313.7,3.634849938431113,4.93800811261479,481.61333976711603,4.93800811261479
-128.7082,48.4543,4310.0,3.6344772701607315,33.8073437986362,33.850649129707655,33.8073437986362
-108.8590588,23.95331401,4301.0,3.6335694425540916,6.7680908747548365,6.799004045088014,6.7680908747548365
-128.71,48.4567,4268.0,3.630224410752432,33.91749278820517,33.961452021963886,33.91749278820517
-44.8314,28.1374,4262.0,3.629613445378183,85.9094408987258,85.91734371615959,85.9094408987258
-119.73,39.38,4252.5,3.6286443222846065,11.88966020264232,393.33764527427746,11.88966020264232
-128.7067,48.4576,4240.0,3.6273658565927325,34.29411725432736,34.33788896096259,34.29411725432736
-128.6813,48.431,4230.0,3.6263403673750423,33.925262158619205,33.960707993312084,33.925262158619205
-129.097,47.9562,4223.0,3.625621081424908,3.292825094902151,3.3030767849426153,3.292825094902151
-127.7866,47.7093,4220.0,3.625312450961674,152.05797063707797,128.2067167015813,128.2067167015813
140.6432,28.5718,4214.0,3.6246945312720813,238.65219700309245,238.66144764064654,238.65219700309245
-119.02,39.79,4206.4,3.6239105687622875,26.547743852724693,492.0831028107067,26.547743852724693
-128.7092,48.4539,4200.0,3.6232492903979003,33.67900655280485,33.72234336428529,33.67900655280485
-116.59,40.5633,4200.0,3.6232492903979003,3.173432185804318,760.9829056895171,3.173432185804318
-112.25,41.58,4184.0,3.621591675859218,22.252434800170207,1171.5880128062108,22.252434800170207
-110.37,44.5117,4184.0,3.621591675859218,2.5632444105201326,1664.8781883537667,2.5632444105201326
-110.78,44.55,4184.0,3.621591675859218,43.38829577933238,1644.3933862092892,43.38829577933238
-110.82,44.5667,4184.0,3.621591675859218,44.01911768687035,1642.0526424351185,44.01911768687035
-110.72,44.9667,4184.0,3.621591675859218,42.08953780931029,1679.4115641538435,42.08953780931029
-110.7,44.7167,4184.0,3.621591675859218,44.94398089775291,1664.214095064342,44.94398089775291
-110.43,44.6333,4184.0,3.621591675859218,16.729268387685345,1679.3678299771782,16.729268387685345
-110.83,44.4833,4184.0,3.621591675859218,42.12419962108027,1633.1248656842524,42.12419962108027
-110.8333,44.4833,4183.0,3.6214878645806303,42.42329891134243,1632.862590341998,42.42329891134243
-110.816,44.5167,4183.0,3.6214878645806303,44.19527569552073,1637.8894390885775,44.19527569552073
-110.833,44.4833,4183.0,3.6214878645806303,42.39606373006375,1632.8864318806445,42.39606373006375
-110.311,44.55,4183.0,3.6214878645806303,9.142830496930943,1673.070100123699,9.142830496930943
-128.68,48.43,4183.0,3.6214878645806303,33.96013184289083,33.99521083378837,33.96013184289083
-110.8333,44.5667,4183.0,3.6214878645806303,42.99321329789698,1640.713517504186,42.99321329789698
-110.7833,44.55,4183.0,3.6214878645806303,43.74909944281556,1644.1316648192894,43.74909944281556
-110.8167,44.5167,4183.0,3.6214878645806303,44.25292191807827,1637.8338892453326,44.25292191807827
-110.8167,44.5667,4183.0,3.6214878645806303,44.27765064325528,1642.3849441113016,44.27765064325528
-128.6817,48.4317,4183.0,3.6214878645806303,33.94976516746299,33.98541685907513,33.94976516746299
-110.4333,44.6333,4183.0,3.6214878645806303,16.834628682538085,1679.2161587662797,16.834628682538085
-110.7167,44.9667,4183.0,3.6214878645806303,42.26798084839703,1679.7417062990025,42.26798084839703
-128.7066,48.458,4180.0,3.621176281775035,34.34642466821799,34.39026054532422,34.34642466821799
-119.37,40.6517,4180.0,3.621176281775035,2.17675912993539,528.1488118593844,2.17675912993539
-127.7871,47.7096,4180.0,3.621176281775035,152.06933346380333,128.14994686931126,128.14994686931126
-129.093,47.9543,4173.0,3.620448384711709,3.8162820537515345,3.8266113272626847,3.8162820537515345
-86.098,0.6108,4154.0,3.6184664921990803,21.640873830409017,28.944618531528878,21.640873830409017
-86.098,0.6108,4154.0,3.6184664921990803,21.640873830409017,28.944618531528878,21.640873830409017
-86.098,0.6108,4154.0,3.6184664921990803,21.640873830409017,28.944618531528878,21.640873830409017
-86.098,0.6108,4154.0,3.6184664921990803,21.640873830409017,28.944618531528878,21.640873830409017
-117.85,39.985,4144.6,3.617482622660637,1.2244825149126077,604.0486853932408,1.2244825149126077
-128.71,48.46,4106.0,3.613418945034573,34.28335570868024,34.32792706843569,34.28335570868024
-128.71,48.46,4106.0,3.613418945034573,34.28335570868024,34.32792706843569,34.28335570868024
-128.698,48.46,4104.0,3.61320735210376,35.29216529311462,35.33546418606195,35.29216529311462
127.0848,27.2632,4100.0,3.6127838567197355,131.13129081867166,1.2610798319086738,1.2610798319086738
-128.7092,48.4542,4100.0,3.6127838567197355,33.71158524631745,33.754980129594976,33.71158524631745
127.0828,27.2657,4090.0,3.611723308007342,131.51513362059796,0.8769077761292676,0.8769077761292676
-128.6835,48.4312,4080.0,3.61066016308988,33.73547607344985,33.77118764327215,33.73547607344985
-118.91,41.7817,4075.0,3.6101276130759956,2.585503421551081,646.1346794821441,2.585503421551081
-127.786,47.7132,4037.0,3.6060587494103142,151.59649288711765,128.2603817007297,128.2603817007297
127.0847,27.2652,3980.0,3.5998830720736876,131.33611616296807,1.0505644814886137,1.0505644814886137
-108.862404,23.9521362,3968.0,3.598571663482141,7.12756258044685,7.158009977213356,7.12756258044685
-129.095,47.953,3965.0,3.5982431916536224,3.6754364471558154,3.685904279387151,3.6754364471558154
-108.8628282,23.95427188,3950.0,3.59659709562646,6.970214270327727,7.000092753242298,6.970214270327727
-119.75,39.395,3950.0,3.59659709562646,9.913695463349404,392.79431262693805,9.913695463349404
-128.7103,48.4548,3940.0,3.595496221825574,33.68382467475536,33.72745523810401,33.68382467475536
-128.682,48.4296,3920.0,3.593286067020457,33.735332171415294,33.77051159925213,33.735332171415294
-129.093,47.9562,3894.0,3.590395947184013,3.714201357093552,3.7243808653184445,3.714201357093552
-114.06595,31.05481,3882.0,3.589055531052344,108.66432943837015,32.19097751601357,32.19097751601357
-114.06595,31.05481,3882.0,3.589055531052344,108.66432943837015,32.19097751601357,32.19097751601357
-114.06595,31.05481,3882.0,3.589055531052344,108.66432943837015,32.19097751601357,32.19097751601357
-128.6815,48.4298,3850.0,3.5854607295085006,33.80032008785242,33.83549835506758,33.80032008785242
-108.8635659,23.95673504,3822.0,3.582290682718994,6.807664438926134,6.836832649922128,6.807664438926134
-127.785,47.7142,3800.0,3.57978359661681,151.4055134605866,128.3688471666277,128.3688471666277
-128.7066,48.4575,3800.0,3.57978359661681,34.291590929484464,34.33533311789836,34.291590929484464
-128.7097,48.4544,3770.0,3.576341350205793,33.690955566264364,33.73444362679764,33.690955566264364
-129.096,47.9551,3758.0,3.5749567757645067,3.457268968655859,3.4675893201320145,3.457268968655859
-128.7066,48.4588,3750.0,3.574031267727719,34.43440365932113,34.47838850873235,34.43440365932113
-128.71,48.4583,3750.0,3.574031267727719,34.094244234315184,34.138502712835034,34.094244234315184
-108.8608408,23.95582024,3700.0,3.568201724066995,6.681283055016576,6.711248902672312,6.681283055016576
-119.4,40.4133,3670.4,3.5647133962211734,1.7080327691847603,509.55642773196104,1.7080327691847603
-108.8608719,23.95397402,3665.0,3.564073978977147,6.847616203418142,6.877987221788776,6.847616203418142
-128.7089,48.4601,3660.0,3.5634810853944106,34.386037453481514,34.43050853866074,34.386037453481514
-128.68,48.43,3646.0,3.5618166643189575,33.96013184289083,33.99521083378837,33.96013184289083
-128.6833,48.4283,3646.0,3.5618166643189575,33.497896406936974,33.53288938494483,33.497896406936974
-112.57,38.5467,3640.0,3.561101383649056,81.91991760477131,771.1859724784368,81.91991760477131
-114.09533,31.06536,3626.0,3.5594277997594896,105.80623623942621,29.846841812329874,29.846841812329874
-114.09533,31.06536,3626.0,3.5594277997594896,105.80623623942621,29.846841812329874,29.846841812329874
-114.09533,31.06536,3626.0,3.5594277997594896,105.80623623942621,29.846841812329874,29.846841812329874
-128.709,48.4604,3600.0,3.5563025007672873,34.4111540470948,34.455690593715666,34.4111540470948
175.9793807,-38.82507125,3588.0,3.5548524343720547,15.002606133592732,8.88863952646332,8.88863952646332
-119.75,39.3883,3584.0,3.5543680009900878,9.757473146402337,392.2301370340661,9.757473146402337
-128.6816,48.4295,3580.0,3.5538830266438746,33.76446061225231,33.79957648307093,33.76446061225231
-128.6829,48.4309,3550.0,3.550228353055094,33.76529412908026,33.80087447798498,33.76529412908026
-128.7109,48.4569,3540.0,3.5490032620257876,33.86400435791046,33.90809923732307,33.86400435791046
-128.7076,48.4544,3540.0,3.5490032620257876,33.86918141638464,33.912440927446724,33.86918141638464
-110.82,44.4167,3527.0,3.5474054596674898,36.02126867757378,1626.6690468567724,36.02126867757378
-121.76,42.23,3526.4,3.547331572835672,4.5173149249531965,384.40840294730947,4.5173149249531965
-128.682,48.4312,3510.0,3.545307116465824,33.87692273962842,33.91248535925291,33.87692273962842
176.4417179,-38.26645372,3500.0,3.5440680443502757,3.584760208484172,18.438273270619998,3.584760208484172
-128.6817,48.4283,3484.0,3.5420781463356255,33.649964273545606,33.684799278368274,33.649964273545606
-128.68,48.43,3484.0,3.5420781463356255,33.96013184289083,33.99521083378837,33.96013184289083
-128.7099,48.4543,3480.0,3.5415792439465807,33.663123767168806,33.706614388679235,33.663123767168806
-128.7104,48.459,3480.0,3.5415792439465807,34.13860112710537,34.1830323731085,34.13860112710537
-128.71,48.46,3479.0,3.541454428747589,34.28335570868024,34.32792706843569,34.28335570868024
-128.71,48.4567,3479.0,3.541454428747589,33.91749278820517,33.961452021963886,33.91749278820517
-114.08015,31.07003,3466.0,3.539828558377898,106.1523373056932,30.521203765498736,30.521203765498736
-114.08015,31.07003,3466.0,3.539828558377898,106.1523373056932,30.521203765498736,30.521203765498736
-114.08015,31.07003,3466.0,3.539828558377898,106.1523373056932,30.521203765498736,30.521203765498736
-118.58,39.3017,3464.4,3.539628029928345,9.06143079066333,476.27948189367396,9.06143079066333
127.08,27.265,3460.0,3.5390760987927767,131.63717630417725,0.7675956187629785,0.7675956187629785
127.0793,27.2647,3460.0,3.5390760987927767,131.65545004073158,0.7530213587710319,0.7530213587710319
-127.7869,47.709,3460.0,3.5390760987927767,152.11531730760223,128.17447319407708,128.17447319407708
-128.7063,48.4578,3450.0,3.537819095073274,34.34976296658889,34.39352922158121,34.34976296658889
-108.8632825,23.95240556,3450.0,3.537819095073274,7.170574220398436,7.200770182501017,7.170574220398436
-111.73,45.3683,3442.6,3.5368865644169554,14.610379060271208,1607.7594139636049,14.610379060271208
140.6451,28.5725,3440.0,3.53655844257153,238.4236156800399,238.43286115169408,238.4236156800399
140.6443,28.5721,3440.0,3.53655844257153,238.52398846472278,238.53323957774313,238.52398846472278
140.6447,28.5723,3440.0,3.53655844257153,238.47380207983534,238.48305037217884,238.47380207983534
-118.58,39.3167,3410.0,3.5327543789924976,7.824713478833444,477.8792389125319,7.824713478833444
127.0792,27.2617,3410.0,3.5327543789924976,131.36627829517087,1.0526546588044436,1.0526546588044436
-128.6809,48.4305,3400.0,3.531478917042255,33.91885220368495,33.95413928553825,33.91885220368495
-112.1,38.6383,3400.0,3.531478917042255,115.16741550993353,812.4541441875718,115.16741550993353
-128.7109,48.4569,3390.0,3.530199698203082,33.86400435791046,33.90809923732307,33.86400435791046
-127.7867,47.7093,3370.0,3.5276299008713385,152.0665571601587,128.1955876575904,128.1955876575904
140.6441,28.5715,3354.0,3.525563058270067,238.5686895519115,238.5779585398031,238.5686895519115
-112.1,38.635,3350.0,3.525044807036845,114.78540464661288,812.0733571851791,114.78540464661288
-108.8628522,23.95226531,3348.0,3.5247854493212225,7.150244973550164,7.180565946523935,7.150244973550164
-128.711,48.4567,3340.0,3.5237464668115646,33.83353921352185,33.87760738474791,33.83353921352185
-118.55,39.5217,3330.0,3.5224442335063197,3.4052333206085588,502.01856750244866,3.4052333206085588
-118.55,39.52,3330.0,3.5224442335063197,3.39146969273632,501.8367104445491,3.39146969273632
122.7,24.84,3325.0,3.5217916496391233,91.37883512394681,20.470528294394352,20.470528294394352
-128.7084,48.4555,3310.0,3.519827993775719,33.92090228694157,33.96445996529639,33.92090228694157
-128.7104,48.4597,3310.0,3.519827993775719,34.21661178999652,34.2611715452055,34.21661178999652
-120.348,42.2167,3309.0,3.519696767159853,1.4301013994257108,533.633086368913,1.4301013994257108
38.0833,21.3667,3308.0,3.519565500880509,15.235899496587995,18.79829890251773,15.235899496587995
38.0833,21.3667,3308.0,3.519565500880509,15.235899496587995,18.79829890251773,15.235899496587995
38.0833,21.3667,3308.0,3.519565500880509,15.235899496587995,18.79829890251773,15.235899496587995
38.0833,21.3667,3308.0,3.519565500880509,15.235899496587995,18.79829890251773,15.235899496587995
38.0833,21.3667,3308.0,3.519565500880509,15.235899496587995,18.79829890251773,15.235899496587995
-118.58,39.3133,3305.4,3.519224022756965,8.105059304852611,477.5165972654944,8.105059304852611
-119.77,39.3883,3296.0,3.5179872030250783,7.558380721456543,390.4237998120246,7.558380721456543
-128.7108,48.4571,3280.0,3.515873843711679,33.894479113633494,33.938600641028,33.894479113633494
-119.02,39.79,3271.4,3.5147336493441603,26.547743852724693,492.0831028107067,26.547743852724693
-117.87,39.8017,3263.4,3.513670309198815,17.882274241463662,582.8397153938004,17.882274241463662
-127.7861,47.7102,3260.0,3.513217600067939,151.9202985849284,128.25904857055377,128.25904857055377
-128.7103,48.4582,3260.0,3.513217600067939,34.05808192283143,34.10235437028523,34.05808192283143
-108.8611306,23.95595107,3259.0,3.513084360465144,6.691743829503241,6.721617367686543,6.691743829503241
-44.8305,28.1376,3259.0,3.513084360465144,85.82408184129488,85.83204359100846,85.82408184129488
-128.7088,48.4604,3240.0,3.510545010206612,34.42779461447472,34.47230966229899,34.42779461447472
-118.57,39.2933,3221.7,3.5080850970979376,8.84160069818932,476.1309322945638,8.84160069818932
-118.58,39.3067,3213.3,3.506951274030321,8.649221140050452,476.8126961339058,8.649221140050452
14.7204,72.0033,3212.0,3.5067755366066433,887.4940892042752,887.3565787883923,887.3565787883923
-128.7089,48.4606,3210.0,3.506505032404872,34.44178724371097,34.486349424650946,34.44178724371097
-128.7094,48.4541,3210.0,3.506505032404872,33.68375047420773,33.72714784396944,33.68375047420773
-111.389,27.4062,3206.0,3.505963518018126,5.1090015067236685,5.107378570737518,5.107378570737518
176.4305186,-38.26762086,3200.0,3.505149978319906,3.174049742196821,17.411210943248967,3.174049742196821
-128.68,48.4333,3200.0,3.505149978319906,34.25300138803408,34.28886206494797,34.25300138803408
-128.68,48.43,3200.0,3.505149978319906,33.96013184289083,33.99521083378837,33.96013184289083
176.4360279,-38.26432301,3200.0,3.505149978319906,3.7024166395113123,17.737025701995172,3.7024166395113123
-118.7,41.9333,3193.6,3.5042805196072773,1.4502161275950813,677.0117479183573,1.4502161275950813
-114.04808,31.0446,3184.0,3.5029730590656314,110.83968407926483,33.15979425031497,33.15979425031497
-114.04808,31.0446,3184.0,3.5029730590656314,110.83968407926483,33.15979425031497,33.15979425031497
-114.04808,31.0446,3184.0,3.5029730590656314,110.83968407926483,33.15979425031497,33.15979425031497
-114.04808,31.0446,3184.0,3.5029730590656314,110.83968407926483,33.15979425031497,33.15979425031497
-114.04808,31.0446,3184.0,3.5029730590656314,110.83968407926483,33.15979425031497,33.15979425031497
-111.73,45.37,3182.2,3.5027274714032086,14.60822934071559,1607.8881884692607,14.60822934071559
-86.098,0.6108,3182.0,3.502700175310563,21.640873830409017,28.944618531528878,21.640873830409017
-86.098,0.6108,3182.0,3.502700175310563,21.640873830409017,28.944618531528878,21.640873830409017
-86.098,0.6108,3182.0,3.502700175310563,21.640873830409017,28.944618531528878,21.640873830409017
-86.098,0.6108,3182.0,3.502700175310563,21.640873830409017,28.944618531528878,21.640873830409017
-128.6815,48.4301,3180.0,3.5024271199844326,33.826749894525,33.86200024004667,33.826749894525
-127.5017,41.0017,3176.0,3.5018804937550585,16.53277428195652,16.52744567513971,16.52744567513971
-128.7084,48.4582,3150.0,3.4983105537896004,34.21716215507332,34.261229039262396,34.21716215507332
-127.785,47.715,3144.0,3.4974825373673704,151.3216539123681,128.36673150268194,128.36673150268194
130.248,30.785,3140.0,3.496929648073215,62.41365265862158,158.99376087452993,62.41365265862158
-128.7102,48.4584,3130.0,3.4955443375464483,34.088620460172734,34.13291916432203,34.088620460172734
-128.7105,48.4548,3130.0,3.4955443375464483,33.666926809162575,33.710579242904764,33.666926809162575
-119.81,39.4833,3123.0,3.4945719842301988,4.814090764534377,394.8156995340079,4.814090764534377
176.3000655,-38.08725315,3108.0,3.4924810101288766,10.309501732333555,7.315776213266673,7.315776213266673
14.7203,72.0021,3102.0,3.4916417934775863,887.7660812641919,887.6285175067643,887.6285175067643
176.4430238,-38.26388425,3100.0,3.4913616938342726,3.9769859718327543,18.3977309292711,3.9769859718327543
127.091,27.2677,3100.0,3.4913616938342726,131.15669603797858,1.20213532571664,1.20213532571664
-111.94,42.1267,3096.9,3.490927182060255,16.45695295815169,1260.238309499765,16.45695295815169
-128.68,48.43,3092.0,3.4902394852462875,33.96013184289083,33.99521083378837,33.96013184289083
-128.6833,48.43,3092.0,3.4902394852462875,33.64759697461938,33.68300145494177,33.64759697461938
127.0855,27.2667,3090.0,3.4899584794248346,131.43032180506157,0.9491549635234892,0.9491549635234892
-128.707,48.4546,3090.0,3.4899584794248346,33.941870146796106,33.9851032811912,33.941870146796106
-119.01,39.7783,3088.8,3.4897897886159925,28.31469715212552,491.9954724942546,28.31469715212552
-119.75,39.39,3088.0,3.4896772916636984,9.794623347184283,392.3732809361903,9.794623347184283
140.6425,28.5714,3087.0,3.4895366294820955,238.7419838856043,238.7512411057285,238.7419838856043
-127.785,47.715,3082.0,3.4888326343824003,151.3216539123681,128.36673150268194,128.36673150268194
-128.709,48.4541,3080.0,3.4885507165004443,33.71769728568294,33.761051019321556,33.71769728568294
-128.706,48.4588,3070.0,3.4871383754771865,34.48482820015838,34.52874881573987,34.48482820015838
-128.7061,48.4577,3070.0,3.4871383754771865,34.35567467852192,34.39940073406219,34.35567467852192
-113.56,37.6517,3065.0,3.486430478854434,44.69056223319517,604.1082950937183,44.69056223319517
-111.92,42.1367,3054.0,3.484869032720402,19.0727157556085,1262.531701494692,19.0727157556085
-128.7112,48.4544,3040.0,3.482873583608754,33.56406882629392,33.60772107742184,33.56406882629392
-118.58,39.3567,3037.6,3.482530584131741,4.525503622259248,482.1469353976166,4.525503622259248
-128.7083,48.455,3022.0,3.4802944600030066,33.87489745350264,33.918348511816866,33.87489745350264
-128.71,48.46,3022.0,3.4802944600030066,34.28335570868024,34.32792706843569,34.28335570868024
130.762,31.655,3015.0,3.47928731647617,5.121470409288424,43.30333476006036,5.121470409288424
176.2634176,-38.12206732,3007.0,3.4781334281005174,6.417640117816471,8.639872114294926,6.417640117816471
-113.57,37.66,3006.0,3.4779889762508893,46.24631457656838,604.4323606886239,46.24631457656838
-115.62,33.2,3000.0,3.4771212547196626,0.1259156871245154,1.4097445962198454,0.1259156871245154
-128.6828,48.4311,3000.0,3.4771212547196626,33.79254113232292,33.828159247628385,33.79254113232292
-115.66,33.1867,3000.0,3.4771212547196626,2.2618786816320484,0.6061006614644142,0.6061006614644142
-113.56,37.6583,3000.0,3.4771212547196626,45.172697228900205,604.8702225198579,45.172697228900205
-119.81,39.4833,2998.8,3.4769475021740748,4.814090764534377,394.8156995340079,4.814090764534377
-121.81,48.765,2990.0,3.4756711883244296,32.775675085233026,531.012328642982,32.775675085233026
-127.7876,47.7101,2990.0,3.4756711883244296,152.05970061393538,128.0924686988337,128.0924686988337
-112.84,38.4933,2984.8,3.4749152360327726,74.57458484583805,747.5778126091056,74.57458484583805
-111.3835,27.0457,2968.0,3.4724638966069894,3.135080959002215,3.1452391361791965,3.135080959002215
-111.384,27.046,2968.0,3.4724638966069894,3.0679702696212656,3.0781291035122615,3.0679702696212656
14.7235,72.0063,2959.0,3.471144965160633,887.056294912358,886.9189507548022,886.9189507548022
-128.6792,48.434,2950.0,3.469822015978163,34.39110008639048,34.427045367962556,34.39110008639048
-128.7114,48.4559,2950.0,3.469822015978163,33.711775262481076,33.75573599544091,33.711775262481076
-116.6,40.56,2932.5,3.467238020787567,3.398957455695422,759.8651291735501,3.398957455695422
-111.95,42.145,2929.5,3.4667935023435357,16.612446524140505,1262.2730012183792,16.612446524140505
-118.8183,37.6783,2928.0,3.4665710723863543,6.226730494886885,297.2635299543422,6.226730494886885
-114.06913,31.0951,2924.0,3.465977368285823,104.04363722349291,28.910516621951935,28.910516621951935
-114.06913,31.0951,2924.0,3.465977368285823,104.04363722349291,28.910516621951935,28.910516621951935
-114.06913,31.0951,2924.0,3.465977368285823,104.04363722349291,28.910516621951935,28.910516621951935
-129.096,47.9555,2922.0,3.465680211598278,3.4357782748828467,3.4460670967945486,3.4357782748828467
-119.4,40.3917,2918.0,3.4650852875574327,1.8284593118784038,508.14723016746734,1.8284593118784038
-128.7066,48.4593,2910.0,3.4638929889859074,34.48954279001255,34.53362016907225,34.48954279001255
-114.114,31.1109,2907.0,3.4634450317704277,99.65580896484974,24.049249960856358,24.049249960856358
-128.7133,48.455,2894.0,3.4614985267830187,33.45304391154049,33.49704218630663,33.45304391154049
-128.71,48.46,2894.0,3.4614985267830187,34.28335570868024,34.32792706843569,34.28335570868024
-120.36,42.2217,2883.0,3.459844642388208,0.2449441038089059,532.8987690056724,0.2449441038089059
-120.3567,42.22,2882.0,3.4596939764779706,0.5623843917795989,533.074446635849,0.5623843917795989
-120.35,42.215,2862.0,3.4566696294237578,1.166501890803349,533.3089872714926,1.166501890803349
-120.3517,42.215,2861.0,3.4565178578052627,0.9801295091913806,533.1483839902163,0.9801295091913806
-108.8616781,23.95200832,2850.0,3.45484486000851,7.083612908596038,7.11424693670546,7.083612908596038
-128.7108,48.4545,2850.0,3.45484486000851,33.608793908294345,33.65242154547598,33.608793908294345
127.1966667,27.57666667,2823.0,3.450710878146919,158.24549670278574,19.326648676645487,19.326648676645487
-108.8596636,23.95359301,2812.0,3.4490153163477864,6.789392900332723,6.820112095352655,6.789392900332723
-128.6814,48.433,2810.0,3.44870631990508,34.09441988411141,34.130348423276516,34.09441988411141
-44.8297,28.1361,2809.0,3.448551739201578,85.67524984787549,85.68306287668359,85.67524984787549
-118.07,39.795,2790.0,3.4456042032735974,1.5310939205098184,567.1768092457439,1.5310939205098184
-116.58,40.5617,2784.6,3.4447628188026735,2.3539801755165026,761.5815644824445,2.3539801755165026
-128.7109,48.4575,2780.0,3.444044795918076,33.930348668128026,33.97455595858,33.930348668128026
-119.75,39.3883,2780.0,3.444044795918076,9.757473146402337,392.2301370340661,9.757473146402337
-128.7065,48.4592,2770.0,3.4424797690644486,34.48689510927839,34.530943313509894,34.48689510927839
-128.706,48.4584,2770.0,3.4424797690644486,34.44086557779693,34.48471179447947,34.44086557779693
-119.02,39.7817,2763.2,3.4414123202233835,27.748681093990676,491.38021099288056,27.748681093990676
-111.94,42.1483,2761.0,3.4410664066392633,17.82429265216356,1263.1863530396,17.82429265216356
-117.65,40.6067,2761.0,3.4410664066392633,2.051569825677889,685.400462521582,2.051569825677889
-128.7113,48.4541,2750.0,3.439332693830263,33.52284137770566,33.56644678417865,33.52284137770566
-119.01,39.79,2741.2,3.437940723145357,26.626526167598367,492.9862714217274,26.626526167598367
-118.13,40.9917,2730.6,3.4362580858900365,17.225125338683714,673.9765793865511,17.225125338683714
-127.491,40.9967,2726.0,3.435525851498655,17.801045610726128,17.79570393691625,17.79570393691625
-119.76,39.3883,2722.3,3.4349359831617168,8.65654887427519,391.3269684230453,8.65654887427519
114.24419,-8.06005,2720.0,3.4345689040341987,333.6112322536809,332.23264087816017,332.23264087816017
-119.37,40.6683,2720.0,3.4345689040341987,1.7418802131419109,529.2593448197018,1.7418802131419109
-118.59,39.3267,2719.6,3.434505032502073,7.912363981248222,478.19876956359576,7.912363981248222
-129.094,47.9536,2718.0,3.4342494523964757,3.7485457197336927,3.758948213994971,3.7485457197336927
-118.58,39.2967,2694.5,3.430478187932044,9.473610997738408,475.74630574016237,9.473610997738408
127.0868,27.2678,2670.0,3.4265112613645754,131.45114869191062,0.9208308328867596,0.9208308328867596
-127.7853,47.7085,2670.0,3.4265112613645754,152.0307026416324,128.3544823569518,128.3544823569518
-127.786,47.7132,2662.0,3.4252080511386565,151.59649288711765,128.2603817007297,128.2603817007297
-128.711,48.4548,2660.0,3.424881636631067,33.62470948749086,33.66841665770473,33.62470948749086
-113.44,42.0767,2660.0,3.424881636631067,90.20905059370322,1169.3857042438462,90.20905059370322
-119.75,39.3883,2659.7,3.4248326532881306,9.757473146402337,392.2301370340661,9.757473146402337
-128.71,48.46,2653.0,3.423737249982329,34.28335570868024,34.32792706843569,34.28335570868024
-128.7067,48.4567,2653.0,3.423737249982329,34.195648353296576,34.2392504693739,34.195648353296576
-128.7107,48.4591,2640.0,3.4216039268698313,34.12474406605471,34.16922622983209,34.12474406605471
-116.18,43.6167,2637.2,3.421143067071665,58.0993639683075,1041.9772122083964,58.0993639683075
-111.3837,27.0446,2633.0,3.4204508591060683,3.1927309674058404,3.202692404036483,3.1927309674058404
-111.384,27.045,2633.0,3.4204508591060683,3.13722805308204,3.147225408509547,3.13722805308204
-128.7108,48.4545,2630.0,3.419955748489758,33.608793908294345,33.65242154547598,33.608793908294345
14.7252,72.0056,2624.0,3.4189638307036225,887.3638575110714,887.2265022870234,887.2265022870234
-108.8606915,23.9515702,2607.0,3.416141031168329,7.047352303740769,7.078298964312422,7.047352303740769
176.4300987,-38.27205291,2600.0,3.4149733479708178,2.5451291606357747,17.661809372206417,2.5451291606357747
-127.788,47.7095,2600.0,3.4149733479708178,152.15717289190613,128.0501576647707,128.0501576647707
176.4460247,-38.26304067,2600.0,3.4149733479708178,4.21862420393401,18.637968285861426,4.21862420393401
-128.6835,48.4307,2600.0,3.4149733479708178,33.69087695413753,33.72646918608207,33.69087695413753
-111.93,42.1333,2594.0,3.4139699717480614,17.849602225499897,1261.6030365377792,17.849602225499897
-111.506,27.309,2591.0,3.413467412985825,0.06901734219476294,0.0753559865026085,0.06901734219476294
140.6454,28.5726,2580.0,3.41161970596323,238.38793667675228,238.39718167934873,238.38793667675228
-108.8610618,23.95170046,2574.0,3.410608542568368,7.063997397074617,7.094834343717108,7.063997397074617
-108.8589434,23.95521069,2570.0,3.4099331233312946,6.590854341881878,6.621369444746958,6.590854341881878
-117.85,39.99,2569.0,3.4097641042663462,0.7474580258247804,604.5871950809496,0.7474580258247804
-128.6819,48.4316,2560.0,3.4082399653118496,33.92198882784919,33.957636595355375,33.92198882784919
-127.7867,47.7091,2560.0,3.4082399653118496,152.08761589504024,128.19634780751,128.19634780751
-113.905,30.6137,2559.0,3.4080702858871854,81.44659847633005,14.96196958153231,14.96196958153231
14.7287,72.0042,2550.0,3.406540180433955,887.987460761628,887.8500845782161,887.8500845782161
-129.094,47.9538,2543.0,3.405346360175709,3.7378007055681333,3.7481874355353293,3.7378007055681333
-128.6822,48.4287,2540.0,3.404833716619938,33.63737173507311,33.67235322507673,33.63737173507311
-123.515,50.5683,2530.0,3.403120521175818,324.6861141592453,517.6576019814645,324.6861141592453
-128.7074,48.4543,2520.0,3.401400540781544,33.875365405330164,33.91858389036948,33.875365405330164
-118.56,39.535,2510.0,3.399673721481038,4.624366689809679,502.6943206291198,4.624366689809679
-128.7062,48.456,2510.0,3.399673721481038,34.16171458455216,34.20512991835174,34.16171458455216
-118.8083,37.6667,2510.0,3.399673721481038,5.87100986563995,297.03562299852047,5.87100986563995
176.0028453,-38.78984876,2506.0,3.398981066658131,10.290004328184883,8.80365734389523,8.80365734389523
34.98,44.2833,2500.0,3.3979400086720375,283.7832259016426,478.509301403999,283.7832259016426
-128.7074,48.4603,2500.0,3.3979400086720375,34.53334630400033,34.57769295463606,34.53334630400033
-128.7104,48.4544,2500.0,3.3979400086720375,33.63169815906132,33.675262744391425,33.63169815906132
-111.506,27.307,2498.0,3.3975924340381165,0.1961746013019561,0.2026137040158278,0.1961746013019561
-127.5133,41.0017,2495.0,3.397070549959409,15.250096319358088,15.244764440666664,15.244764440666664
-127.7871,47.7099,2490.0,3.3961993470957363,152.03776983800117,128.14884145701882,128.14884145701882
-127.7844,47.7097,2490.0,3.3961993470957363,151.82699113919543,128.45006407250455,128.45006407250455
-128.6838,48.4311,2490.0,3.3961993470957363,33.69827545254273,33.73399309863292,33.69827545254273
-128.64,48.46,2489.0,3.3960248966085933,40.436280190920975,40.474076318634,40.436280190920975
-128.6383,48.4617,2489.0,3.3960248966085933,40.753683740765204,40.79165427502406,40.753683740765204
-128.7065,48.4593,2480.0,3.3944516808262164,34.49792958569377,34.541996262768784,34.49792958569377
-108.8623012,23.95679216,2475.0,3.3935752032695876,6.706233701349957,6.73566461399278,6.706233701349957
-128.7075,48.4542,2460.0,3.3909351071033793,33.856034407537685,33.89924437998581,33.856034407537685
-108.8595013,23.95541343,2451.0,3.389343311252078,6.61535539438922,6.645703751517591,6.61535539438922
-112.86,38.4667,2448.0,3.3888114134735234,71.39108745061118,743.2004411680667,71.39108745061118
-128.7067,48.4567,2440.0,3.387389826338729,34.195648353296576,34.2392504693739,34.195648353296576
-128.71,48.46,2440.0,3.387389826338729,34.28335570868024,34.32792706843569,34.28335570868024
-129.098,47.9496,2431.0,3.3857849588433355,3.5420610079614048,3.5528509571076663,3.5420610079614048
-110.85,44.4833,2427.0,3.385069776331935,43.952796545463016,1631.5359400160478,43.952796545463016
-128.64,48.46,2421.0,3.383994789441733,40.436280190920975,40.474076318634,40.436280190920975
-128.635,48.4617,2421.0,3.383994789441733,41.05694756901041,41.09463789517129,41.05694756901041
-111.389,27.4092,2415.0,3.382917135087531,4.918093810601194,4.916320051272472,4.916320051272472
140.6435,28.571,2408.0,3.381656482585787,238.65181214587395,238.6610919504753,238.65181214587395
-108.8602576,23.95560838,2400.0,3.380211241711606,6.655664401755627,6.6858045404787285,6.655664401755627
-127.7834,47.7095,2400.0,3.380211241711606,151.76228267926845,128.56209690437166,128.56209690437166
-128.6828,48.4316,2390.0,3.3783979009481375,33.83717297194723,33.87290999957002,33.83717297194723
-128.7111,48.454,2390.0,3.3783979009481375,33.528841018655655,33.57240515199433,33.528841018655655
-128.6805,48.4297,2390.0,3.3783979009481375,33.886369636244574,33.92142554564867,33.886369636244574
-119.41,40.415,2380.0,3.376576957056512,2.8435982377786333,508.67117386833615,2.8435982377786333
127.0875,27.268,2380.0,3.376576957056512,131.42352131411354,0.9456076207332966,0.9456076207332966
-114.04266,31.046,2372.0,3.375114684692225,111.007168797105,33.76571962025092,33.76571962025092
-114.04266,31.046,2372.0,3.375114684692225,111.007168797105,33.76571962025092,33.76571962025092
-114.04266,31.046,2372.0,3.375114684692225,111.007168797105,33.76571962025092,33.76571962025092
-114.04266,31.046,2372.0,3.375114684692225,111.007168797105,33.76571962025092,33.76571962025092
-114.04266,31.046,2372.0,3.375114684692225,111.007168797105,33.76571962025092,33.76571962025092
-128.71,48.46,2371.0,3.3749315539781883,34.28335570868024,34.32792706843569,34.28335570868024
-128.7067,48.4567,2371.0,3.3749315539781883,34.195648353296576,34.2392504693739,34.195648353296576
-108.8580937,23.95497028,2370.0,3.374748346010104,6.547466437746695,6.578220244479579,6.547466437746695
-128.7087,48.4608,2360.0,3.3729120029701067,34.48074149230314,34.52531851606754,34.48074149230314
14.7287,72.0033,2354.0,3.371806458507416,888.1975729286155,888.0601575444514,888.0601575444514
-113.57,38.565,2351.0,3.3712526291249394,127.46633109146873,713.4522212554472,127.46633109146873
-113.57,37.655,2351.0,3.3712526291249394,45.884674242713274,603.8543839485877,45.884674242713274
-127.785,47.7142,2350.0,3.3710678622717363,151.4055134605866,128.3688471666277,128.3688471666277
137.56167,36.25778,2340.0,3.369215857410143,32.03710462374108,1274.2375087840305,32.03710462374108
-128.7062,48.4556,2330.0,3.367355921026019,34.118262981730695,34.161601920516695,34.118262981730695
-118.57,39.2867,2326.3,3.366665720686156,9.394367668806451,475.42723224379466,9.394367668806451
-111.504,27.307,2311.0,3.3637999454791094,0.38801381197490875,0.3944003144179206,0.38801381197490875
-111.504,27.3072,2311.0,3.3637999454791094,0.3752981891906458,0.3816746458745283,0.3752981891906458
-128.7111,48.4575,2300.0,3.361727836017593,33.91361748445087,33.95784655604059,33.91361748445087
-111.73,45.37,2298.8,3.36150118846166,14.60822934071559,1607.8881884692607,14.60822934071559
-128.68,48.44,2298.0,3.3613500243522663,34.86715909266204,34.90454566714884,34.86715909266204
-128.6767,48.435,2298.0,3.3613500243522663,34.71597640594008,34.751908972474496,34.71597640594008
-118.54,42.5467,2297.0,3.361160995195026,0.8093053485439499,733.5594289684473,0.8093053485439499
-127.7881,47.7117,2290.0,3.359835482339888,151.9346263573171,128.03131459046148,128.03131459046148
-128.7112,48.4576,2290.0,3.359835482339888,33.91633638066366,33.960595011397714,33.91633638066366
-108.857226,23.95050171,2284.0,3.3586960995738107,6.878205225256843,6.910145062124267,6.878205225256843
-128.71,48.46,2282.0,3.358315640082196,34.28335570868024,34.32792706843569,34.28335570868024
-128.7117,48.4567,2282.0,3.358315640082196,33.774865851696,33.81901047786978,33.774865851696
-127.7885,47.71,2270.0,3.3560258571931225,152.1475733613525,127.99266756167256,127.99266756167256
-119.75,39.405,2262.3,3.354550195507882,10.151885343894868,393.6364665436259,10.151885343894868
-128.7068,48.4597,2260.0,3.3541084391474008,34.5169905135792,34.56116299225456,34.5169905135792
-127.7847,47.7099,2260.0,3.3541084391474008,151.83166709865066,128.41594324178297,128.41594324178297
-129.58,46.52,2250.0,3.3521825181113627,6.717753248592357,6.74105470903769,6.717753248592357
-128.7102,48.4606,2240.0,3.3502480183341627,34.333828456888924,34.37853057658437,34.333828456888924
14.7287,72.0043,2225.0,3.3473300153169503,887.9641185794501,887.8267467535958,887.8267467535958
-112.26,41.5833,2220.0,3.346352974450639,23.224527066126228,1171.5681084481064,23.224527066126228
-127.7899,47.7089,2220.0,3.346352974450639,152.38354553008946,127.84099160768517,127.84099160768517
14.7205,72.0057,2215.0,3.3453737305590883,886.9419546199053,886.8045499086146,886.8045499086146
-128.6816,48.4341,2210.0,3.3443922736851106,34.174921012576796,34.211126274815314,34.174921012576796
-128.706,48.4569,2210.0,3.3443922736851106,34.27667806991093,34.32024274744984,34.27667806991093
-128.7117,48.4552,2210.0,3.3443922736851106,33.60956816378893,33.65342860130203,33.60956816378893
-108.8597611,23.95134843,2205.0,3.3434085938038574,6.99615986249084,7.027358642574886,6.99615986249084
-115.65,33.1533,2200.0,3.342422680822206,1.7573581970629,3.256828626776443,1.7573581970629
-120.6,40.3717,2195.2,3.341474094026658,8.665084348003273,387.62416942448766,8.665084348003273
-128.7088,48.4538,2190.0,3.3404441148401185,33.70214869486065,33.745422477860956,33.70214869486065
-128.6823,48.4355,2190.0,3.3404441148401185,34.237004712591606,34.273603358388165,34.237004712591606
-119.75,39.4017,2188.9,3.34022592125719,10.073278908190115,393.3585424036329,10.073278908190115
-111.95,42.1517,2176.0,3.3376588910261424,17.14037996777313,1263.1881574605322,17.14037996777313
-118.755,37.655,2175.0,3.337459261290656,8.932709894236933,300.44012858619453,8.932709894236933
-128.684,48.4296,2170.0,3.3364597338485296,33.54599276921462,33.58137054724978,33.54599276921462
-128.71,48.4539,2160.0,3.3344537511509307,33.61111846996505,33.65454270075451,33.61111846996505
-127.7891,47.7101,2160.0,3.3344537511509307,152.18865376338778,127.92552930840758,127.92552930840758
14.7287,72.0015,2158.0,3.334051440346892,888.617972731152,888.4804790386504,888.4804790386504
-128.7119,48.4561,2150.0,3.3324384599156054,33.69183533984186,33.73588869550357,33.69183533984186
-128.6794,48.4312,2150.0,3.3324384599156054,34.1226436632661,34.15795045820262,34.1226436632661
140.6442,28.5723,2150.0,3.3324384599156054,238.5267310688359,238.53597465472146,238.5267310688359
-128.7067,48.4583,2142.0,3.330819466495837,34.3709694244067,34.41487202850841,34.3709694244067
-128.71,48.46,2142.0,3.330819466495837,34.28335570868024,34.32792706843569,34.28335570868024
-128.706,48.4567,2140.0,3.330413773349191,34.25486714203805,34.298393975824624,34.25486714203805
-128.6757,48.4364,2140.0,3.330413773349191,34.93611718066367,34.972273365258026,34.93611718066367
-111.95,42.1467,2134.0,3.329194415088451,16.742248518935853,1262.5051827871669,16.742248518935853
-128.6813,48.433,2130.0,3.3283796034387376,34.10381953529378,34.13973818230081,34.10381953529378
-128.6783,48.4317,2129.0,3.3281756614383227,34.27091569030331,34.30623363779682,34.27091569030331
-128.68,48.43,2129.0,3.3281756614383227,33.96013184289083,33.99521083378837,33.96013184289083
-114.10143,31.02815,2118.0,3.325925955771466,109.67495566108717,27.002635552257708,27.002635552257708
-114.10143,31.02815,2118.0,3.325925955771466,109.67495566108717,27.002635552257708,27.002635552257708
-114.10143,31.02815,2118.0,3.325925955771466,109.67495566108717,27.002635552257708,27.002635552257708
127.0888,27.2692,2110.0,3.3242824552976926,131.45470995200145,0.9070786951196647,0.9070786951196647
-128.6773,48.4333,2110.0,3.3242824552976926,34.507344881042194,34.54294151284097,34.507344881042194
176.4309678,-38.26587681,2100.0,3.322219294733919,3.422498674588904,17.340594621256525,3.422498674588904
-116.6,40.5633,2100.0,3.322219294733919,3.79894727542677,760.2155310285297,3.79894727542677
-111.5018,27.2972,2097.0,3.3215984304653436,1.2220743925584365,1.2288952547265266,1.2220743925584365
-111.502,27.297,2097.0,3.3215984304653436,1.2156049487606222,1.2224411158099315,1.2156049487606222
-119.79,41.3883,2094.4,3.3210596292066805,39.29705950615407,532.6928635082842,39.29705950615407
-128.6814,48.4311,2090.0,3.3201462861110542,33.9246867072216,33.96016622583446,33.9246867072216
-129.094,47.9535,2083.0,3.318689269947746,3.753918211221438,3.764328587606878,3.753918211221438
-128.7087,48.4584,2080.0,3.3180633349627615,34.214105157911156,34.25824160048261,34.214105157911156
14.7199,72.0042,2077.0,3.317436496535099,887.2414347826445,887.1039578216256,887.1039578216256
-110.82,44.5167,2075.0,3.3170181010481117,44.5255142899394,1637.572035975932,44.5255142899394
-108.8567514,23.95028315,2071.0,3.3161800988934527,6.861455066179851,6.893547034398733,6.861455066179851
-128.7103,48.4539,2070.0,3.315970345456918,33.5856859402707,33.62914301128384,33.5856859402707
-111.402,27.317,2070.0,3.315970345456918,9.536004339902577,9.539205918393423,9.536004339902577
14.7287,72.0024,2069.0,3.3157604906657347,888.4077436043366,888.2702890504838,888.2702890504838
175.9870993,-38.86792103,2062.0,3.3142886609474975,13.934575255853257,12.543489956764935,12.543489956764935
-128.698,48.4383,2061.0,3.3140779917792127,33.05651978580797,33.09537459878167,33.05651978580797
-128.7073,48.4605,2060.0,3.3138672203691533,34.56391221891199,34.60828466772029,34.56391221891199
-128.7073,48.4606,2060.0,3.3138672203691533,34.57502835058984,34.619419023752585,34.57502835058984
-119.73,39.38,2058.5,3.3135508713335047,11.88966020264232,393.33764527427746,11.88966020264232
-116.15,41.4817,2054.0,3.3126004392612596,7.814698415948303,894.06898554747,7.814698415948303
-114.0,30.842,2053.0,3.312388949370592,111.471712806711,23.447127553881415,23.447127553881415
-111.94,42.1317,2050.0,3.311753861055754,16.72752371326309,1260.9205089346083,16.72752371326309
-128.712,48.4557,2050.0,3.311753861055754,33.63934354064229,33.68333206270462,33.63934354064229
-128.7111,48.4596,2050.0,3.311753861055754,34.14726678603069,34.19188403592475,34.14726678603069
14.7304,72.0034,2050.0,3.311753861055754,888.3183648930334,888.1809733168263,888.1809733168263
-118.81,41.3583,2038.4,3.3092894106552566,30.093341050593967,630.6744571919289,30.093341050593967
-129.093,47.9541,2034.0,3.308350948586726,3.8270271718893047,3.837372209847078,3.8270271718893047
-128.7067,48.4583,2031.0,3.307709923404807,34.3709694244067,34.41487202850841,34.3709694244067
-128.71,48.46,2031.0,3.307709923404807,34.28335570868024,34.32792706843569,34.28335570868024
-128.7113,48.4584,2030.0,3.307496037913213,33.99682521995545,34.041243379709755,33.99682521995545
-128.6822,48.432,2030.0,3.307496037913213,33.92946090240306,33.96523314324002,33.92946090240306
-128.6809,48.4322,2030.0,3.307496037913213,34.06979933197134,34.10549026205326,34.06979933197134
-128.7067,48.4567,2029.0,3.307282047033346,34.195648353296576,34.2392504693739,34.195648353296576
-128.71,48.46,2029.0,3.307282047033346,34.28335570868024,34.32792706843569,34.28335570868024
-111.4,27.029,2024.0,3.3062105081677613,2.7626034197660347,2.7684881321673704,2.7626034197660347
-127.7847,47.7163,2022.0,3.3057811512549824,151.15966044562683,128.39697717795386,128.39697717795386
139.2331667,35.00516667,2020.0,3.305351369446624,18.48446139684848,0.9382562595339471,0.9382562595339471
38.0567,21.3488,2018.0,3.3049211619008916,12.797127061736866,15.521819504339735,12.797127061736866
-118.6,39.3383,2016.7,3.30464129829467,7.867926664345119,478.6891625564729,7.867926664345119
130.268,30.7767,2010.0,3.303196057420489,62.31242634274978,161.0806571747219,62.31242634274978
137.56167,36.2575,2005.0,3.302114376956201,32.069518764479646,1274.2367666284736,32.069518764479646
137.56167,36.2575,2005.0,3.302114376956201,32.069518764479646,1274.2367666284736,32.069518764479646
-111.73,45.3683,2004.8,3.302071053650075,14.610379060271208,1607.7594139636049,14.610379060271208
-44.8315,28.1372,2004.0,3.301897717195208,85.91119464048406,85.91906960066052,85.91119464048406
14.7308,72.0028,2002.0,3.3014640731433,888.4923576764616,888.354944555321,888.354944555321
-127.785,47.7122,2000.0,3.3010299956639813,151.61545929642048,128.37473306567662,128.37473306567662
-129.094,47.953,2000.0,3.3010299956639813,3.7807805127041076,3.7912302994815485,3.7807805127041076
14.7257,72.0042,2000.0,3.3010299956639813,887.7330827119649,887.5956721836868,887.5956721836868
-129.099,47.9486,1986.0,3.2979792441593623,3.4904372311895604,3.5013240402442527,3.4904372311895604
-128.7076,48.4608,1980.0,3.296665190261531,34.572276987587934,34.616736138512294,34.572276987587934
-128.7103,48.454,1980.0,3.296665190261531,33.59657077239951,33.64004719527335,33.59657077239951
-128.6794,48.4332,1980.0,3.296665190261531,34.30050249458483,34.3362808393235,34.30050249458483
140.6445,28.572,1978.0,3.2962262872611605,238.50673846037117,238.5159947488916,238.50673846037117
-86.0943,0.5718,1976.0,3.295786940251609,25.953029996231766,33.25692418508479,25.953029996231766
-86.0943,0.5718,1976.0,3.295786940251609,25.953029996231766,33.25692418508479,25.953029996231766
-86.0943,0.5718,1976.0,3.295786940251609,25.953029996231766,33.25692418508479,25.953029996231766
-86.0943,0.5718,1976.0,3.295786940251609,25.953029996231766,33.25692418508479,25.953029996231766
-118.59,39.2933,1974.8,3.2955231185474934,10.666152750110433,474.63660311755393,10.666152750110433
-128.6801,48.4335,1970.0,3.294466226161593,34.261557887777315,34.297475137101955,34.261557887777315
-128.7112,48.4582,1970.0,3.294466226161593,33.982927676746264,34.02729790649241,33.982927676746264
-128.7115,48.4565,1970.0,3.294466226161593,33.769530977023194,33.81361608131675,33.769530977023194
-128.68,48.4317,1968.0,3.2940250940953226,34.110193426965225,34.1456776149516,34.110193426965225
-111.94,42.1283,1966.0,3.2935835134961167,16.54031019120178,1260.456599013762,16.54031019120178
-116.58,40.5633,1960.0,3.292256071356476,2.5479170961829123,761.751134093108,2.5479170961829123
-127.789,47.7094,1957.0,3.2915908256580013,152.2536240413347,127.93924215589132,127.93924215589132
-111.392,27.4092,1953.0,3.2907022432878543,4.630334994590964,4.628640135668531,4.628640135668531
38.0923,21.3397,1947.0,3.2893659515200318,16.900710523351055,19.247877265344904,16.900710523351055
-129.099,47.9562,1944.0,3.288696260590256,3.0821369638073315,3.092424744755581,3.0821369638073315
-119.79,41.3833,1940.4,3.287891265954026,38.96829368100625,532.3920583960578,38.96829368100625
-108.84,32.1467,1940.1,3.2878241156667793,119.21694390942127,596.599858349116,119.21694390942127
-127.7847,47.7125,1940.0,3.287801729930226,151.5581415210846,128.40718585611558,128.40718585611558
-122.75,38.78,1938.0,3.2873537727147464,6.118067051108133,70.09181472054249,6.118067051108133
127.0878,27.2657,1930.0,3.285557309007774,131.17483315065965,1.199647227253508,1.199647227253508
-128.7055,48.4573,1930.0,3.285557309007774,34.36262134021148,34.40620788209882,34.36262134021148
-128.7117,48.4569,1930.0,3.285557309007774,33.79698655042628,33.84116875383098,33.79698655042628
14.7321,72.0027,1930.0,3.285557309007774,888.6259254111142,888.4885228089129,888.4885228089129
-119.4,40.3683,1927.8,3.285061975935162,2.3060123648689466,506.62110944574636,2.3060123648689466
-108.8530203,23.94916756,1927.0,3.284881714655453,6.676253697277984,6.709407194984331,6.676253697277984
-128.7083,48.455,1926.0,3.2846562827885157,33.87489745350264,33.918348511816866,33.87489745350264
-128.71,48.46,1926.0,3.2846562827885157,34.28335570868024,34.32792706843569,34.28335570868024
-110.83,44.5667,1925.0,3.2844307338445193,43.24530311982915,1641.0457589183743,43.24530311982915
-113.243,43.6083,1920.0,3.2833012287035497,8.396061255450673,1334.87979274175,8.396061255450673
-128.6821,48.4351,1920.0,3.2833012287035497,34.21909500524039,34.255581583081224,34.21909500524039
-113.2433,43.6083,1920.0,3.2833012287035497,8.370849341830516,1334.849380870863,8.370849341830516
-128.71,48.46,1916.0,3.2823955047425257,34.28335570868024,34.32792706843569,34.28335570868024
-128.7117,48.455,1916.0,3.2823955047425257,33.58760997870569,33.631432208060964,33.58760997870569
-108.8584559,23.95082729,1913.0,3.281714970027296,6.942997657811031,6.97459698328905,6.942997657811031
-128.7109,48.4537,1910.0,3.2810333672477277,33.51307478902701,33.556558901980885,33.51307478902701
-44.8077,26.1412,1910.0,3.2810333672477277,6.105017605022323,6.122998730690063,6.105017605022323
-119.4,40.3967,1901.8,3.279164843062271,1.7263965473303173,508.4733930909742,1.7263965473303173
-128.71,48.46,1898.0,3.2782962080912736,34.28335570868024,34.32792706843569,34.28335570868024
-128.7117,48.4617,1898.0,3.2782962080912736,34.33339229754766,34.3781081527253,34.33339229754766
-120.356,42.2133,1895.0,3.2776092143040914,0.46438032479282315,532.6070063000093,0.46438032479282315
-120.3567,42.2133,1895.0,3.2776092143040914,0.3876387558958276,532.5408838192094,0.3876387558958276
140.6439,28.5711,1892.0,3.276921132065774,238.60554740069387,238.61482767757596,238.60554740069387
-128.6829,48.432,1890.0,3.2764618041732443,33.86357716048665,33.89941892497843,33.86357716048665
-122.109,48.9274,1883.0,3.274850320016665,2.826619376906169,511.7402261183438,2.826619376906169
-110.8167,44.4167,1882.0,3.274619619091238,35.68377043763583,1626.932654952888,35.68377043763583
-118.36,40.265,1881.0,3.274388795550379,0.3389438992047863,592.0603848979383,0.3389438992047863
-128.7063,48.4548,1880.0,3.27415784926368,34.02307907480627,34.06627513904582,34.02307907480627
-128.6817,48.4267,1877.0,3.273464272621346,33.511319880357284,33.545763026245154,33.511319880357284
-128.68,48.43,1877.0,3.273464272621346,33.96013184289083,33.99521083378837,33.96013184289083
-128.68,48.43,1872.0,3.2723058444020863,33.96013184289083,33.99521083378837,33.96013184289083
-128.675,48.43,1872.0,3.2723058444020863,34.43573189278169,34.470326889061205,34.43573189278169
-113.55,37.6633,1871.0,3.27207378750001,44.61293095209859,606.0829780513163,44.61293095209859
-119.4,40.3833,1870.2,3.2718880526604837,1.9999076984771567,507.59933096788006,1.9999076984771567
-128.698,48.46,1866.0,3.2709116394104814,35.29216529311462,35.33546418606195,35.29216529311462
-128.71,48.46,1866.0,3.2709116394104814,34.28335570868024,34.32792706843569,34.28335570868024
-128.7067,48.46,1866.0,3.2709116394104814,34.55856663567319,34.602783501912185,34.55856663567319
-127.785,47.7163,1865.0,3.2706788361447066,151.185527347952,128.3635845069404,128.3635845069404
137.56778,36.26222,1860.0,3.2695129442179165,31.906761539397,1274.9293143179768,31.906761539397
-111.4003,27.0286,1857.0,3.2688119037397803,2.7625024389041104,2.768293897341608,2.7625024389041104
-118.14,40.9883,1850.0,3.2671717284030137,17.87493315574571,672.7566143414092,17.87493315574571
-119.3667,40.655,1842.0,3.26528962586083,2.2944484237014047,528.6960609029353,2.2944484237014047
-119.366,40.655,1842.0,3.26528962586083,2.3684927563639775,528.7654694540344,2.3684927563639775
-119.37,40.65,1841.0,3.2650537885040145,2.324738934881343,528.0355845682135,2.324738934881343
-128.6799,48.4328,1840.0,3.2648178230095364,34.21763026546646,34.25336396656987,34.21763026546646
-112.86,38.5067,1838.2,3.2643927617677173,76.91800406766033,747.8847084809104,76.91800406766033
-112.11,38.6267,1836.0,3.2638726768652235,113.17533059851513,810.4624008913631,113.17533059851513
-128.6799,48.4329,1830.0,3.2624510897304293,34.22657404866567,34.2623312145822,34.22657404866567
-127.7883,47.709,1830.0,3.2624510897304293,152.235547538269,128.01866803723576,128.01866803723576
-128.6797,48.4326,1830.0,3.2624510897304293,34.21861153913931,34.25427861608425,34.21861153913931
-128.6818,48.4331,1830.0,3.2624510897304293,34.06583428446322,34.101825887660574,34.06583428446322
-129.093,47.9547,1827.0,3.2617385473525378,3.794791692706393,3.805089437141242,3.794791692706393
-119.41,40.3917,1820.0,3.2600713879850747,2.9307452187203453,507.15104803794657,2.9307452187203453
-119.44,40.3917,1820.0,3.2600713879850747,6.237602939242481,504.16250164938765,6.237602939242481
-128.7067,48.46,1815.0,3.258876629372131,34.55856663567319,34.602783501912185,34.55856663567319
-128.71,48.46,1815.0,3.258876629372131,34.28335570868024,34.32792706843569,34.28335570868024
-128.71,48.46,1813.0,3.258397804095509,34.28335570868024,34.32792706843569,34.28335570868024
-128.7067,48.455,1813.0,3.258397804095509,34.01070929992353,34.05398707005767,34.01070929992353
127.077,27.26,1810.0,3.2576785748691846,131.35002711450707,1.0840955515737207,1.0840955515737207
127.0772,27.2603,1810.0,3.2576785748691846,131.3657887577471,1.0663971603151157,1.0663971603151157
-127.47,41.008,1804.0,3.256236533205923,19.930773878136364,19.925474481419954,19.925474481419954
-118.54,42.555,1803.0,3.255995726722402,0.32493929786960424,734.1279776439883,0.32493929786960424
-127.7871,47.7107,1800.0,3.255272505103306,151.95364647864946,128.14598758861405,128.14598758861405
-128.7087,48.4535,1800.0,3.255272505103306,33.67817155357629,33.721376108773086,33.67817155357629
-115.61,33.235,1800.0,3.255272505103306,3.1699687208705414,0.9849611162686192,0.9849611162686192
-127.784,47.7138,1797.0,3.2545480771089736,151.36140638933713,128.48125954080913,128.48125954080913
-118.12,40.9983,1794.5,3.2539434626692585,16.16813875988457,675.4071965929442,16.16813875988457
-129.099,47.9473,1789.8,3.2528045037457063,3.560272052672955,3.5712613182387467,3.560272052672955
-119.79,41.3883,1785.0,3.251638220448212,39.29705950615407,532.6928635082842,39.29705950615407
-128.7064,48.4542,1780.0,3.250420002308894,33.94973612575914,33.99282698950323,33.94973612575914
-118.02,39.6617,1773.5,3.2488311928079616,17.22868567310035,556.6100677080431,17.22868567310035
-127.787,47.7106,1770.0,3.247973266361807,151.95556264086116,128.15746630579827,128.15746630579827
-108.8571042,23.9546182,1764.0,3.246498580795801,6.5033445425873335,6.534392417714078,6.5033445425873335
-128.72,48.46,1760.0,3.24551266781415,33.45665041684272,33.500834479789674,33.45665041684272
-128.7167,48.4567,1760.0,3.24551266781415,33.3580629196186,33.40275839135803,33.3580629196186
-128.678,48.4327,1750.0,3.2430380486862944,34.387896183424225,34.42342049915618,34.387896183424225
-128.7041,48.4555,1750.0,3.2430380486862944,34.286129678322624,34.32922395121595,34.286129678322624
-113.5633,37.6483,1747.0,3.2422929049829308,44.765395322356184,603.5060865477924,44.765395322356184
-129.094,47.9544,1745.0,3.241795431295199,3.7055654135382716,3.7159048502571213,3.7055654135382716
-128.7067,48.455,1742.0,3.241048150671644,34.01070929992353,34.05398707005767,34.01070929992353
-128.71,48.46,1742.0,3.241048150671644,34.28335570868024,34.32792706843569,34.28335570868024
-127.633,47.8492,1741.0,3.240798771117331,124.31642491727291,123.3515434133874,123.3515434133874
-128.712,48.4547,1740.0,3.2405492482826,33.52942206543113,33.57321980514475,33.52942206543113
-128.7095,48.4556,1740.0,3.2405492482826,33.838867089936194,33.882563403846554,33.838867089936194
-128.712,48.4594,1740.0,3.2405492482826,34.050181416583314,34.09485977239817,34.050181416583314
-128.6823,48.4344,1740.0,3.2405492482826,34.13661531349824,34.17295979781981,34.13661531349824
-128.6785,48.4331,1730.0,3.2380461031287955,34.37635116186745,34.41201799633134,34.37635116186745
-128.6831,48.4283,1730.0,3.2380461031287955,33.51689085986168,33.55186402757593,33.51689085986168
-117.85,39.99,1729.6,3.237945676609235,0.7474580258247804,604.5871950809496,0.7474580258247804
-86.1379,0.6166,1725.0,3.2367890994092927,21.24258004048449,28.54529913257979,21.24258004048449
-86.1379,0.6166,1725.0,3.2367890994092927,21.24258004048449,28.54529913257979,21.24258004048449
-86.1379,0.6166,1725.0,3.2367890994092927,21.24258004048449,28.54529913257979,21.24258004048449
-86.1379,0.6166,1725.0,3.2367890994092927,21.24258004048449,28.54529913257979,21.24258004048449
-116.36,42.9583,1724.1,3.2365624518533602,116.4009275681679,978.9285079075498,116.4009275681679
-128.7117,48.4533,1716.0,3.2345172835126865,33.401748278731745,33.44524270386906,33.401748278731745
-128.71,48.45,1716.0,3.2345172835126865,33.19078830839794,33.23344276481323,33.19078830839794
