lon,lat,q
-83.0,1.0,181.0
127.25,-2.4317,227.0
170.25,-14.8317,209.0
-0.11667,41.41667,185.0
-0.65,38.13333,172.0
-83.5,1.985,220.0
-83.4917,1.2383,190.0
33.72,39.924,206.8
33.79,39.88,217.0
-83.7317,0.2267,219.0
-116.722,31.7209,219.63
-116.667,31.7214,184.44
-116.6545,31.7126,169.03
-116.4842,31.5881,171.75
-116.6528,31.72,178.7
-116.6543,31.7217,178.7
-116.3376,31.7975,178.7
-116.6668,31.7118,175.28
-116.251,32.0734,173.53
-112.3417,46.7167,297.0
-112.3767,46.7533,430.0
-112.3717,46.7467,502.0
-112.3617,46.7383,514.0
-112.35,46.7283,334.0
-112.3867,46.75,389.0
-112.3733,46.7367,518.0
-120.3433,42.155,742.0
-117.1817,43.9317,276.0
-120.3333,42.19,180.0
-117.23,43.9633,221.0
-120.3517,42.215,2861.0
-120.3417,42.2217,309.0
-120.3583,42.2217,991.0
-120.3417,42.1783,189.0
-120.3567,42.22,2882.0
-120.3033,42.035,571.0
-120.3567,42.2133,1895.0
-120.3633,42.235,840.0
-120.365,42.225,531.0
-112.3467,46.7183,372.0
-112.3467,46.72,307.0
-112.3517,46.7183,256.0
-112.3317,46.725,209.0
-112.3167,46.7317,192.0
-112.3167,46.73,187.0
-112.32,46.73,208.0
-112.395,46.7233,192.0
-117.8533,42.7333,205.0
-117.865,42.4183,213.0
-117.0267,43.5933,184.0
-121.9767,44.78,763.0
-121.97,44.78,430.0
-121.971,44.7817,1393.0
-121.971,44.7817,404.0
-120.9933,44.22,176.0
-121.045,44.185,207.0
-121.9617,45.0283,239.0
-122.0083,45.0217,279.0
-118.608,42.3267,292.0
-118.6083,42.3267,305.0
-118.626,42.32,169.0
-118.6267,42.32,187.0
-118.6183,42.3117,451.0
-118.6083,42.3017,292.0
-118.61,42.32,417.0
-118.575,42.3267,197.0
-118.605,42.2833,187.0
-118.611,42.3267,338.0
-118.6317,42.32,187.0
-118.6217,42.3283,212.0
-118.6083,42.3067,435.0
-118.5467,42.3283,233.0
-114.316,44.3983,268.0
-119.445,46.2683,293.0
-121.8033,45.7333,265.0
-111.345,44.1233,355.0
-121.9533,45.6483,189.0
-111.945,42.145,1255.0
-116.11,44.6683,333.0
-116.153,42.25,193.0
-116.013,44.1533,498.0
-111.4483,44.4267,200.0
-111.4367,44.4333,309.0
-112.88,38.4683,443.5
-118.74,41.05,190.2
-112.84,38.4867,188.3
-112.87,38.4433,252.0
-112.91,38.4717,175.7
-112.87,38.4933,589.9
-108.79,31.9517,170.3
-112.9,38.4983,225.0
-112.85,38.4667,506.3
-118.72,41.035,190.6
-112.88,38.53,436.0
-118.74,41.0417,193.6
-118.75,41.0267,172.7
-118.73,41.065,172.9
-115.27,41.2333,301.0
-106.98,34.0017,292.1
-106.98,34.0067,222.6
-106.98,34.0067,314.3
-106.94,34.0667,177.0
-117.98,37.8683,203.0
-106.1,31.955,358.0
-118.97,39.8083,400.5
-118.94,39.8033,174.8
-106.08,31.9867,542.0
-118.93,39.7783,340.3
-118.85,39.795,1409.8
-113.08,38.14,222.2
-117.9,37.87,192.0
-117.9,37.87,243.0
-117.88,37.86,292.5
-117.92,37.8717,191.8
-112.82,38.4933,456.1
-112.89,38.2667,205.0
-112.87,38.4567,1694.0
-117.88,37.8717,385.0
-117.88,37.8533,224.0
-112.57,38.6717,280.0
-112.57,38.6717,539.7
-117.91,37.8783,308.0
-117.89,37.855,175.0
-117.89,37.855,334.6
-107.51,32.56,255.0
-117.89,37.86,294.0
-112.59,38.675,849.4
-112.54,38.62,820.1
-117.91,37.88,490.0
-113.14,38.1483,276.1
-112.88,38.435,251.0
-112.84,38.4933,539.7
-113.19,38.135,251.0
-104.59,30.0167,205.9
-104.58,30.0317,211.7
-104.47,29.8217,178.0
-104.69,30.07,192.0
-104.59,30.1067,184.3
-104.54,29.885,224.0
-104.62,29.8283,390.0
-104.58,30.0283,756.9
-112.75,38.63,217.6
-112.66,38.6283,485.3
-112.66,38.53,171.5
-112.61,38.6583,552.3
-112.6,38.6083,200.8
-112.58,38.5617,925.4
-112.58,38.5617,1192.4
-112.71,38.6617,389.1
-112.69,38.65,439.3
-105.3,30.96,178.6
-112.79,38.485,460.2
-112.61,38.5883,396.2
-112.61,38.5883,209.2
-105.08,30.7083,247.0
-105.08,30.7717,296.4
-105.01,31.0167,170.0
-104.89,30.55,182.0
-105.15,30.7683,395.2
-105.02,31.025,230.0
-104.76,30.4667,269.8
-113.06,38.1633,221.8
-112.62,38.6167,297.1
-112.84,38.5083,1068.2
-112.84,38.5083,928.8
-112.85,38.55,200.8
-117.93,37.9,336.0
-117.9,37.8883,455.0
-117.88,37.89,210.0
-117.92,37.8883,245.0
-107.68,33.7967,255.0
-107.72,33.91,222.0
-117.89,37.8767,504.0
-107.57,34.04,389.0
-117.89,37.8667,350.0
-112.59,38.6483,581.6
-112.56,38.635,748.9
-112.58,38.6233,669.4
-112.6,38.6133,338.9
-112.56,38.5983,623.4
-117.91,37.8833,490.0
-107.68,33.9133,230.0
-117.87,37.85,210.0
-112.61,38.5483,585.8
-117.92,37.9133,504.0
-107.48,34.1183,209.0
-107.54,34.0983,410.0
-107.54,34.0867,264.0
-112.51,38.8317,523.6
-112.66,38.6083,297.1
-112.7,38.6183,242.7
-112.7,38.64,259.4
-113.06,38.1467,485.3
-112.58,38.6767,495.6
-112.56,38.6617,1066.9
-112.55,38.6033,426.8
-112.6,38.5283,171.5
-112.59,38.5483,265.7
-112.56,38.615,891.2
-112.58,38.5767,617.0
-112.56,38.645,313.8
-112.57,38.6033,615.0
-113.35,38.3017,205.0
-113.06,38.115,225.9
-113.1,38.13,313.8
-113.1,38.1267,359.8
-112.69,38.6733,338.9
-113.23,38.415,242.7
-113.22,38.3817,171.5
-117.99,39.6767,708.1
-113.26,38.4167,175.7
-113.26,38.42,175.7
-113.3,38.4467,288.7
-113.3,38.4517,272.0
-112.65,38.64,343.0
-112.87,38.51,203.0
-112.86,38.52,343.0
-112.91,38.435,259.4
-117.83,39.235,203.8
-113.14,38.14,221.8
-113.07,38.19,368.2
-113.14,38.1667,238.5
-118.15,39.5,352.4
-118.0,39.57,507.5
-113.19,38.1833,598.3
-113.19,38.1683,422.6
-118.49,39.3867,170.7
-112.69,38.625,184.1
-112.6,38.6567,322.2
-112.61,38.68,615.0
-112.66,38.61,573.2
-112.66,38.61,536.2
-112.67,38.6583,493.7
-112.72,38.6333,359.8
-112.63,38.6517,702.9
-112.67,38.64,497.9
-117.98,40.0967,341.1
-118.38,39.5033,270.1
-118.24,39.8017,249.5
-113.65,37.9367,180.0
-113.28,38.4333,305.4
-113.63,37.9383,640.0
-112.5,38.9083,179.9
-112.83,38.5033,246.9
-112.83,38.4867,209.2
-112.84,38.4883,288.7
-113.32,38.4683,334.7
-113.29,38.4283,418.4
-117.15,39.8967,540.0
-117.15,39.88,506.0
-117.15,39.885,552.0
-117.14,39.8967,418.4
-117.14,39.9033,427.0
-117.13,39.905,364.0
-117.14,39.8983,326.0
-118.56,38.2767,280.0
-117.99,40.0517,234.0
-117.14,39.89,527.0
-117.15,39.8883,331.0
-111.68,44.0433,268.0
-111.54,43.955,280.0
-111.58,43.925,552.0
-111.58,43.9233,418.0
-111.57,43.9233,326.0
-111.54,43.91,209.0
-111.47,43.9867,247.0
-111.56,43.955,301.0
-111.58,43.935,628.0
-111.55,43.9083,485.0
-111.56,43.885,209.0
-111.54,43.9,314.0
-111.53,43.9017,335.0
-119.57,43.3267,276.1
-119.67,43.3517,338.9
-118.13,39.5433,210.7
-118.13,39.5433,768.4
-118.12,39.545,317.7
-118.13,39.5567,200.7
-118.13,39.5567,200.7
-118.13,39.5567,756.5
-118.15,39.55,201.9
-118.15,39.55,374.7
-118.15,39.55,923.3
-118.15,39.54,623.5
-118.14,39.5317,1069.2
-118.14,39.5217,1161.2
-118.15,39.5267,769.1
-118.16,39.5317,283.9
-118.17,39.5233,213.4
-118.16,39.5133,462.4
-118.16,39.5133,791.1
-118.16,39.5033,268.2
-118.16,39.5033,552.4
-118.16,39.5033,596.6
-118.16,39.495,216.9
-118.12,39.4917,169.3
-118.12,39.4917,345.3
-118.15,39.505,436.1
-118.15,39.505,984.3
-118.15,39.515,551.8
-118.15,39.515,1081.4
-118.13,39.5217,1223.2
-118.12,39.5167,550.2
-118.11,39.51,555.3
-118.09,39.5017,804.2
-118.12,39.5083,212.8
-118.12,39.5083,260.8
-118.14,39.4883,944.3
-118.14,39.4783,235.6
-118.14,39.4783,655.0
-118.16,39.5083,335.0
-118.16,39.5083,349.0
-118.16,39.5067,407.4
-118.16,39.5067,387.4
-118.7,41.0783,172.9
-118.66,41.0883,172.9
-118.71,41.06,191.9
-118.72,41.0467,191.9
-118.72,41.0233,172.9
-118.71,41.0683,190.2
-118.68,41.0817,186.2
-118.67,41.0667,172.9
-118.71,41.05,191.9
-118.69,41.0717,190.4
-118.68,41.075,190.4
-118.23,39.4233,250.7
-118.24,39.425,639.9
-118.25,39.4317,608.0
-118.26,39.4333,479.3
-118.26,39.435,345.6
-118.27,39.4383,190.8
-118.26,39.4167,366.1
-118.26,39.4167,312.9
-118.26,39.4183,374.6
-118.26,39.425,269.3
-118.24,39.415,513.4
-118.24,39.415,406.6
-118.24,39.415,549.4
-118.23,39.4133,446.7
-118.23,39.3967,199.4
-118.24,39.395,246.7
-118.25,39.4033,279.3
-118.25,39.4083,225.8
-118.25,39.4,195.1
-118.25,39.395,223.3
-118.25,39.3883,191.6
-112.84,38.5117,627.2
-119.41,40.4233,622.4
-119.4,40.42,254.8
-119.4,40.37,366.8
-119.4,40.36,311.5
-119.41,40.36,401.9
-119.36,40.3533,462.8
-119.4,40.35,180.5
-119.4,40.3967,5832.0
-119.4,40.3967,1901.8
-119.41,40.4017,1575.0
-119.4,40.4033,262.1
-119.4,40.4083,5374.8
-112.85,38.4917,1104.6
-112.87,38.48,354.0
-112.87,38.48,294.0
-112.84,38.4933,2984.8
-112.61,38.58,185.0
-112.61,38.58,380.0
-112.86,38.485,603.4
-112.86,38.485,1114.4
-118.55,39.5267,345.8
-112.86,38.4783,560.0
-119.22,39.905,380.4
-119.1,39.955,191.1
-119.07,39.9567,254.8
-119.04,39.9633,218.4
-119.25,39.9633,327.6
-119.01,39.97,196.6
-119.05,39.97,318.5
-119.02,39.9783,262.1
-119.02,39.9817,262.1
-119.03,39.985,294.8
-119.05,39.985,318.5
-119.03,39.9883,294.8
-119.02,39.9883,294.8
-119.01,39.99,262.1
-119.05,40.0,318.5
-113.82,32.9167,205.0
-112.5,38.915,295.4
-117.67,37.8967,247.0
-118.05,37.86,1381.0
-118.06,37.8783,220.0
-118.01,37.87,603.0
-118.02,37.8733,206.8
-118.02,37.8733,516.0
-118.06,37.855,184.4
-118.06,37.855,203.0
-118.05,37.8683,884.0
-118.05,37.8683,971.0
-117.98,37.8467,205.0
-118.06,37.8567,1019.0
-118.0,37.8867,235.0
-118.06,37.8483,420.0
-118.04,37.87,551.0
-118.03,37.8617,768.0
-118.05,37.855,613.0
-119.15,38.7583,351.6
-119.4,40.4067,356.7
-118.55,39.5433,671.9
-112.56,38.6067,394.0
-119.4,40.3917,2918.0
-118.7,41.9333,238.2
-118.7,41.9333,3193.6
-119.4,40.3917,1397.6
-118.37,40.28,518.1
-119.4,40.4033,5446.4
-118.56,39.56,292.8
-118.56,39.56,735.7
-119.41,40.4133,8420.4
-119.4,40.4133,3670.4
-118.14,39.5433,753.1
-118.15,39.495,627.6
-118.15,39.495,460.2
-118.14,39.5233,171.5
-118.14,39.5233,585.8
-118.13,39.5,200.8
-118.16,39.48,184.1
-118.09,39.76,1258.7
-119.39,40.4133,1563.7
-116.61,40.5533,391.0
-117.69,37.9133,246.6
-118.54,39.56,206.7
-119.95,43.545,203.8
-119.95,43.545,171.0
-121.29,43.735,208.6
-119.41,40.4433,262.0
-117.67,37.9117,219.0
-117.67,37.9117,309.5
-112.86,38.46,418.0
-112.86,38.46,189.0
-118.55,39.5583,234.3
-119.39,40.3567,211.0
-117.64,37.89,196.5
-117.64,37.89,257.1
-119.4,40.43,229.2
-117.68,37.9117,212.8
-112.54,38.5983,407.5
-119.4,40.435,206.3
-118.17,39.5233,217.6
-118.16,39.5133,184.2
-118.16,39.5133,632.0
-118.14,39.495,1151.6
-118.14,39.495,1026.7
-118.15,39.505,805.9
-118.14,39.4883,1052.9
-112.57,38.6033,267.6
-112.57,38.5633,1055.5
-119.41,40.4567,222.0
-118.24,39.425,659.9
-118.04,37.8833,212.4
-118.04,37.8833,379.8
-118.26,39.4183,399.6
-118.26,39.4183,333.4
-118.24,39.415,647.3
-118.24,39.415,364.4
-118.24,39.415,529.9
-112.85,38.49,541.8
-118.25,39.4083,216.2
-118.25,39.4083,215.5
-119.39,40.335,178.4
-117.9,39.9467,173.3
-117.9,39.9467,240.4
-119.43,40.34,189.2
-113.57,39.3133,184.0
-119.4,40.3767,1674.4
-119.41,40.4167,258.4
-119.42,40.345,203.8
-119.41,40.3917,1820.0
-119.42,40.3617,455.0
-119.44,40.38,1528.8
-119.44,40.3883,1019.2
-119.44,40.3917,1820.0
-106.67,35.8167,1381.0
-106.65,35.8,377.0
-106.67,35.7617,192.0
-106.68,35.73,259.0
-106.63,35.875,1213.0
-106.63,35.855,460.0
-106.64,35.845,795.0
-106.65,35.7517,243.0
-106.61,35.825,264.0
-119.4,40.3433,225.6
-119.39,40.3667,200.2
-118.03,39.81,194.2
-119.39,40.3583,189.2
-119.41,40.3317,216.9
-112.57,38.5683,492.5
-119.4,40.3883,491.4
-119.39,40.3833,446.4
-118.38,40.2233,1184.9
-119.39,40.3833,204.8
-118.72,41.9033,197.0
-117.66,37.8767,175.6
-119.4,40.375,632.2
-117.84,39.9867,674.7
-119.39,40.375,229.3
-112.57,38.575,868.1
-119.39,40.39,176.9
-118.06,39.8067,509.6
-118.04,39.8017,249.2
-119.4,40.3833,1870.2
-119.39,40.4133,345.8
-113.07,38.1317,183.8
-112.87,38.45,240.0
-112.87,38.45,345.6
-119.39,40.375,235.8
-112.85,38.4933,856.8
-117.67,37.9067,1189.6
-117.89,39.9367,188.0
-112.53,38.6017,656.4
-116.15,41.4783,543.0
-112.86,38.4667,2448.0
-118.65,39.35,382.2
-121.27,43.7533,262.4
-116.59,40.565,198.4
-117.81,40.0017,236.5
-121.97,45.03,287.0
-118.64,39.3817,840.9
-118.6,39.3267,623.4
-118.6,39.3267,238.5
-118.56,39.3133,246.9
-118.58,39.3067,3213.3
-118.58,39.3017,268.8
-118.58,39.3017,3464.4
-118.59,39.3583,581.6
-118.53,42.5167,197.0
-118.59,39.3267,2719.6
-118.58,39.3167,318.0
-118.58,39.3167,1422.6
-118.58,39.3167,3410.0
-118.56,39.305,326.4
-118.56,39.305,527.2
-118.58,39.3567,3037.6
-118.35,42.68,247.0
-118.53,42.5517,192.0
-118.53,42.535,192.0
-118.53,42.535,301.0
-118.53,42.535,490.0
-118.54,42.5467,2297.0
-118.54,42.5467,259.0
-118.6,39.3383,464.4
-118.6,39.3383,857.7
-118.6,39.3383,2016.7
-118.56,39.3667,1012.5
-118.58,39.3633,410.0
-118.61,39.3717,188.3
-118.56,39.295,866.1
-118.57,39.2933,962.3
-118.57,39.2933,3221.7
-118.57,39.2867,2326.3
-118.58,39.2883,723.8
-118.58,39.2883,1472.8
-118.59,39.2933,1974.8
-118.55,42.5517,297.0
-118.55,42.5517,335.0
-118.55,42.5517,862.0
-118.54,42.5483,297.0
-118.6,39.3167,234.3
-118.54,42.5483,481.0
-118.54,42.5483,649.0
-118.54,42.5483,414.0
-118.54,42.5483,686.0
-118.6,39.3067,326.4
-118.6,39.3067,514.6
-118.58,39.2967,1481.1
-118.58,39.2967,2694.5
-118.35,42.6783,1000.0
-118.35,42.6783,377.0
-118.35,42.6783,389.0
-118.35,42.68,695.0
-118.54,42.55,1008.0
-118.54,42.55,1410.0
-118.54,42.555,653.0
-118.54,42.555,1803.0
-118.54,42.555,485.0
-118.53,42.56,782.9
-118.55,42.555,310.0
-118.55,42.555,569.0
-118.55,42.555,477.0
-117.21,43.77,210.5
-117.19,43.7217,243.9
-117.2,43.705,280.7
-117.2,43.6933,228.4
-112.86,38.5117,459.2
-117.68,37.915,326.0
-116.61,40.56,892.4
-116.17,41.47,481.0
-116.17,41.4867,318.0
-116.19,41.4417,223.0
-116.23,41.475,202.0
-116.17,41.385,197.0
-116.18,41.4183,310.0
-116.09,41.4717,220.0
-116.09,41.5067,389.0
-116.11,41.5083,186.0
-116.07,41.47,173.0
-116.17,41.435,224.0
-116.1,41.4817,288.0
-116.17,41.4867,338.0
-116.13,41.48,195.0
-116.1,41.4483,308.0
-116.16,41.5033,498.0
-116.14,41.5167,182.0
-116.22,41.51,265.0
-116.15,41.4517,233.0
-116.23,41.5033,174.0
-116.12,41.4633,385.0
-116.15,41.4767,434.0
-116.1,41.4917,232.0
-116.15,41.465,1436.0
-116.14,41.4783,234.2
-116.14,41.4783,1018.0
-116.15,41.4817,2054.0
-121.29,43.74,191.8
-117.52,39.7983,557.0
-117.48,39.87,635.0
-117.5,39.875,343.0
-117.52,39.8783,288.0
-117.49,39.8967,279.0
-117.47,39.8083,184.5
-117.49,39.9033,653.8
-117.51,39.8917,170.1
-117.53,39.875,428.4
-117.49,39.8,409.0
-117.51,39.8533,381.2
-117.51,39.8333,315.8
-117.5,39.8183,512.0
-117.49,39.8133,427.7
-117.52,39.7933,485.1
-117.5,39.785,648.9
-117.49,39.7933,267.4
-117.5,39.7683,271.6
-117.53,39.7683,220.2
-117.54,39.79,189.0
-117.5,39.8833,181.3
-117.49,39.8533,270.0
-117.51,39.8433,493.0
-117.62,39.74,237.0
-117.59,39.7217,175.0
-117.53,39.815,222.7
-117.49,39.8683,1117.6
-117.49,39.865,413.0
-117.49,39.8667,238.0
-117.53,39.835,306.0
-117.46,39.8517,669.0
-117.66,37.9083,361.8
-117.66,37.9083,723.6
-118.05,37.86,1274.0
-121.29,43.7433,238.4
-118.07,39.7833,1356.0
-118.07,39.795,2790.0
-117.99,39.71,259.4
-117.99,39.71,439.9
-118.02,39.6617,432.5
-118.02,39.6617,1773.5
-118.04,39.67,186.0
-118.0,39.6917,182.0
-118.0,39.6917,342.0
-118.0,39.6917,424.0
-118.0,39.6917,206.9
-117.99,39.6767,252.0
-117.99,39.6767,912.0
-117.99,39.6767,401.3
-106.67,35.8167,1297.0
-106.68,35.86,176.0
-106.68,35.8083,322.0
-106.69,35.7883,264.0
-106.69,35.7767,364.0
-106.69,35.7633,255.0
-106.65,35.8283,460.0
-118.92,40.22,366.9
-118.93,40.2,333.8
-118.93,40.22,193.6
-118.9,40.2167,425.5
-118.92,40.2283,234.4
-118.95,40.25,183.5
-118.94,40.1717,183.5
-112.51,46.0217,186.2
-119.4,40.3683,277.6
-121.3,41.72,544.0
-121.76,42.23,3526.4
-121.76,42.2267,540.0
-119.36,40.68,222.0
-113.4,42.0933,376.3
-119.02,39.7867,6023.6
-119.34,40.8817,326.0
-119.33,40.8717,502.0
-113.45,42.07,576.9
-113.44,42.0767,2660.0
-119.01,39.76,1209.1
-113.55,42.0783,460.5
-119.01,39.7967,5693.6
-119.0,39.8083,7609.8
-116.59,40.5683,520.0
-119.39,40.6467,565.0
-119.02,39.7817,2763.2
-113.45,42.0667,6176.5
-119.01,39.775,7730.8
-113.45,42.0667,4906.5
-118.55,39.5633,510.0
-118.55,39.595,238.0
-118.53,39.5117,310.0
-113.51,42.0633,286.9
-116.6,40.5633,2100.0
-113.47,42.065,327.1
-116.61,40.5667,280.0
-119.37,40.6467,318.0
-116.57,40.5833,220.0
-119.38,40.6567,218.0
-113.42,42.0867,971.3
-119.02,39.8117,568.0
-119.39,40.6517,418.0
-113.42,42.0817,6037.5
-113.43,42.0817,5832.8
-116.59,40.575,820.0
-119.02,39.775,612.9
-113.53,42.0617,5250.0
-116.54,40.58,310.0
-119.34,40.7817,502.0
-113.51,42.055,1361.1
-118.07,39.6717,257.0
-118.59,42.3267,293.0
-118.62,42.3183,188.0
-118.6,42.3133,402.0
-118.6,42.3,293.0
-118.64,39.38,800.1
-118.6,39.3267,211.4
-117.23,43.98,577.4
-117.23,43.98,292.2
-118.02,39.8467,1244.4
-118.82,38.3517,305.8
-118.92,40.225,197.8
-117.5,40.7733,350.0
-116.61,40.57,325.0
-116.62,40.5633,261.3
-116.6,40.5633,378.3
-119.01,39.7867,316.8
-116.61,40.56,293.8
-118.95,39.7533,764.4
-116.6,40.56,385.6
-118.92,39.76,209.0
-116.61,40.5583,237.5
-116.61,40.5583,391.5
-116.6,40.56,2932.5
-116.59,40.5817,190.1
-116.62,40.555,225.9
-119.02,39.79,4206.4
-116.6,40.5567,354.5
-116.6,40.5567,383.5
-116.59,40.5583,861.2
-116.61,40.5533,173.6
-116.6,40.5533,358.4
-116.59,40.555,280.3
-119.02,39.79,1578.1
-116.6,40.5517,1237.6
-116.58,40.5533,598.2
-116.62,40.545,242.0
-119.02,39.79,3271.4
-116.61,40.5467,280.0
-116.61,40.55,295.6
-119.01,39.79,1124.2
-119.01,39.79,2741.2
-119.4,40.3683,1927.8
-119.01,39.79,237.6
-116.57,40.5733,191.9
-106.61,35.91,258.5
-106.58,35.8867,780.0
-106.57,35.895,350.0
-106.59,35.8767,189.8
-106.57,35.895,780.0
-106.58,35.8833,780.0
-106.58,35.8933,561.6
-106.57,35.9017,177.5
-106.57,35.9017,467.5
-106.58,35.8933,780.0
-106.6,35.9217,180.0
-106.6,35.9217,936.0
-106.57,35.895,561.6
-106.57,35.8983,561.6
-106.57,35.8967,561.6
-106.58,35.8867,592.8
-106.61,35.9117,436.8
-106.57,35.89,780.0
-106.58,35.88,780.0
-106.58,35.8883,780.0
-106.59,35.94,180.0
-106.59,35.94,936.0
-121.98,44.7817,879.0
-116.18,43.6167,2637.2
-116.18,43.6167,307.0
-104.57,30.02,638.0
-104.57,30.0383,173.7
-116.59,40.5633,4200.0
-116.59,40.56,1400.0
-116.89,40.51,179.7
-116.92,40.5533,303.0
-117.18,40.8317,221.1
-117.24,40.7933,434.1
-117.0,40.82,365.7
-116.72,40.6617,172.9
-116.53,40.6217,233.4
-116.65,40.7617,188.4
-116.9,40.8617,212.9
-117.56,40.5433,183.3
-116.62,40.97,253.9
-117.28,40.9233,289.5
-117.37,40.8033,273.9
-117.56,40.5483,200.4
-117.23,40.9933,484.8
-116.86,40.9433,339.8
-113.14,38.15,255.0
-117.17,40.9633,181.5
-117.14,40.9133,580.3
-116.77,40.6033,231.6
-116.54,40.48,195.2
-116.48,40.3267,190.0
-116.45,40.485,195.3
-118.14,40.9883,1850.0
-116.98,40.5383,172.0
-116.9,40.595,268.2
-116.86,40.5533,204.8
-116.81,40.94,224.2
-116.63,40.995,239.1
-116.86,40.9583,189.3
-116.78,40.915,335.8
-116.7,40.91,243.9
-116.62,40.9333,183.5
-118.13,40.9983,1187.7
-117.06,40.4217,276.6
-118.12,40.995,1272.8
-118.12,40.995,1613.2
-118.12,40.9983,1369.0
-118.12,40.9967,1639.1
-118.12,40.9983,1794.5
-117.35,40.2233,170.4
-118.15,40.975,314.5
-118.15,40.975,1594.7
-118.13,40.9917,2730.6
-118.15,40.9883,525.4
-118.12,40.9917,1158.1
-117.26,40.5267,360.5
-116.25,43.8367,172.0
-118.57,39.3583,4586.4
-111.19,45.66,404.6
-120.95,41.12,289.0
-120.03,43.5167,170.7
-111.93,42.095,218.4
-111.94,42.155,698.8
-111.94,42.155,993.6
-111.95,42.175,200.2
-111.84,42.165,342.4
-111.92,42.1267,276.6
-119.34,40.7783,294.8
-119.34,40.87,979.5
-119.36,40.7817,866.3
-119.36,40.9033,216.6
-119.24,40.8417,221.7
-121.91,44.795,181.0
-121.91,44.8,181.0
-112.11,46.595,644.0
-117.17,43.7383,560.0
-117.19,38.8117,185.9
-116.18,43.6333,564.0
-116.18,43.6167,499.1
-116.18,43.6167,920.0
-117.18,38.8217,271.6
-117.23,43.98,361.2
-117.23,43.98,460.6
-117.23,43.98,553.0
-117.23,43.98,386.4
-117.23,43.98,952.0
-117.23,43.98,719.2
-117.32,40.3633,270.0
-118.11,40.025,171.1
-117.91,39.9983,222.5
-118.01,40.0867,233.0
-118.03,40.06,203.8
-118.02,40.0367,385.8
-117.99,40.0583,783.5
-104.58,30.0233,738.9
-104.59,30.005,263.9
-104.59,29.9917,345.8
-118.01,40.0533,344.0
-104.61,29.9767,414.2
-118.2,39.945,186.6
-104.55,29.9667,236.0
-111.94,42.1267,403.3
-111.94,42.1267,3096.9
-111.66,43.6217,230.0
-111.66,43.62,230.0
-117.94,37.8433,242.2
-118.27,40.5317,419.0
-118.25,40.55,545.3
-121.76,42.23,1162.0
-117.17,43.91,222.0
-117.84,36.0367,1019.0
-117.84,36.0367,384.0
-117.84,36.0367,968.0
-114.88,37.8017,320.6
-114.92,37.915,344.4
-114.97,37.8267,287.0
-114.9,37.8083,229.6
-121.99,42.8983,481.0
-121.99,42.9,481.0
-117.18,43.925,234.0
-117.97,39.24,184.3
-113.57,43.5967,247.0
-113.57,43.5967,285.0
-113.57,43.6,247.0
-119.4,40.3617,309.4
-119.4,40.3767,1510.6
-119.42,40.3617,498.7
-119.71,39.3883,217.9
-113.56,37.6583,3000.0
-111.95,42.145,381.5
-111.95,42.145,2929.5
-116.07,40.7333,170.0
-116.15,40.6833,187.0
-115.29,34.365,221.0
-114.91,37.8983,320.6
-118.65,39.3433,170.7
-118.65,39.355,247.1
-118.63,39.3917,494.3
-122.04,44.4083,206.0
-118.61,39.405,252.3
-118.66,39.3633,506.9
-118.64,39.37,317.8
-118.64,39.3933,509.6
-118.69,39.3533,249.6
-118.67,39.3333,355.6
-118.62,39.385,468.7
-111.7,42.3067,566.1
-117.23,43.965,230.0
-120.57,42.695,515.0
-120.57,42.69,515.0
-119.78,39.3883,397.7
-113.38,42.0967,745.5
-118.45,39.9517,216.0
-118.21,39.9267,243.0
-117.78,36.0317,669.0
-117.81,36.0533,688.0
-117.79,36.0067,544.0
-117.85,36.005,226.0
-111.73,45.37,2298.8
-120.36,42.24,1222.0
-120.64,40.3817,1400.0
-118.6,41.73,265.0
-118.57,41.7183,180.9
-118.47,41.515,188.6
-107.23,32.55,182.0
-107.2,32.2333,196.0
-106.92,31.9333,186.2
-114.96,41.1383,187.0
-104.48,29.8,218.0
-104.47,29.8183,182.0
-104.5,29.8367,586.4
-104.56,29.8917,254.8
-104.49,29.8483,296.3
-104.5,29.8833,254.8
-118.01,39.8617,205.8
-114.83,44.2617,644.0
-116.31,43.8517,183.0
-117.65,40.59,287.9
-117.65,40.6067,2761.0
-119.01,39.7867,1069.3
-118.55,39.5833,318.0
-111.31,40.0983,184.0
-118.55,39.4917,1088.0
-116.62,40.5483,230.0
-112.49,38.8667,481.2
-117.66,40.6067,372.0
-118.57,39.5333,347.0
-118.55,39.5217,3330.0
-118.55,39.55,954.0
-116.61,40.5583,259.0
-112.5,38.8917,238.0
-119.0,39.8183,923.3
-118.55,39.51,385.0
-118.56,39.5317,1013.0
-116.59,40.5783,570.0
-117.65,40.6033,1088.0
-119.37,40.65,335.0
-117.65,40.61,502.0
-119.37,40.6683,2720.0
-117.64,40.5983,502.0
-119.01,39.7983,10234.4
-119.01,39.7783,3088.8
-119.02,39.79,1184.8
-116.57,40.555,430.0
-116.58,40.5683,280.0
-116.53,40.5533,210.0
-116.58,40.525,210.0
-117.64,40.5967,624.3
-117.64,40.6033,753.0
-112.9,38.475,184.0
-117.63,40.595,224.2
-117.65,40.6117,418.0
-112.9,38.475,197.0
-112.88,38.4717,427.0
-117.65,40.6,1274.0
-117.63,40.6017,201.0
-116.59,40.5833,180.0
-117.65,40.6067,366.9
-117.65,40.595,285.0
-112.86,38.4667,837.0
-112.87,38.4617,795.0
-117.65,40.6,879.0
-112.87,38.45,180.0
-121.3,41.75,172.0
-105.8,36.2167,208.0
-117.84,39.9883,1084.4
-117.85,39.99,1729.6
-117.85,39.985,4144.6
-117.85,39.985,630.0
-117.85,39.99,2569.0
-119.2,40.22,203.8
-118.97,40.7383,203.8
-121.81,48.765,628.0
-121.81,48.765,2990.0
-118.97,39.74,796.3
-106.72,32.2833,184.8
-106.72,32.2833,455.0
-106.73,32.2833,264.6
-106.73,32.2833,550.2
-117.81,39.9317,183.5
-117.86,39.9767,413.6
-118.16,39.4933,184.3
-117.71,39.9983,612.6
-117.71,39.9917,337.4
-117.87,39.8017,3263.4
-119.08,37.6317,174.0
-117.49,40.7667,632.8
-119.75,39.405,5904.8
-112.37,46.7567,337.4
-119.01,39.79,280.9
-106.67,35.885,250.0
-115.18,41.575,688.0
-116.88,41.7183,170.7
-115.03,40.4083,331.2
-115.01,40.3883,219.1
-115.0,40.3967,270.1
-118.4,40.8967,183.3
-118.89,41.7433,220.1
-118.68,41.9217,260.4
-118.9,41.7583,171.6
-118.64,41.95,234.7
-118.77,41.94,266.0
-118.91,41.7817,1285.0
-118.91,41.7817,4075.0
-118.89,41.785,198.2
-118.91,41.7633,302.9
-118.74,41.9767,183.4
-118.56,41.555,220.0
-118.56,41.555,940.0
-118.73,41.9367,590.4
-118.7,41.8633,179.2
-118.76,41.8533,252.0
-118.76,41.8533,333.9
-105.01,30.975,177.1
-105.04,31.035,233.6
-113.69,37.9317,193.2
-118.57,38.2833,247.0
-117.49,40.7667,5091.8
-119.38,40.6533,289.0
-118.58,39.5333,415.3
-118.55,39.5467,851.0
-118.65,39.4733,308.3
-118.6,39.635,295.6
-118.63,39.3783,555.5
-119.36,40.6683,305.0
-119.33,40.8833,268.0
-118.66,39.38,336.3
-111.31,40.0983,171.0
-105.62,31.3583,275.0
-119.34,40.8467,300.7
-119.31,40.8667,255.0
-119.34,40.7867,920.0
-105.62,31.3567,200.0
-118.24,43.0383,176.4
-112.54,38.6117,394.0
-119.11,39.9017,175.8
-119.09,39.915,206.4
-117.49,40.7667,11200.0
-117.49,40.9767,366.3
-111.95,42.1467,2134.0
-111.94,42.1317,2050.0
-111.95,42.1617,460.0
-111.93,42.1,255.0
-111.92,42.1367,3054.0
-111.95,42.1517,2176.0
-111.95,42.14,1004.0
-111.95,42.1333,201.0
-111.94,42.1283,1966.0
-111.93,42.1333,2594.0
-111.94,42.12,669.0
-111.94,42.1483,2761.0
-112.11,46.5983,242.5
-119.93,43.5783,328.7
-119.91,43.5083,219.1
-119.01,43.495,257.3
-120.09,43.5083,186.0
-120.13,43.5417,262.4
-120.1,43.5817,265.0
-120.01,43.6,272.6
-120.07,43.615,188.6
-119.97,43.5683,331.2
-119.98,43.5467,366.1
-120.18,43.57,234.4
-119.91,43.545,186.6
-119.96,43.5617,313.4
-116.59,40.545,251.0
-116.58,40.54,291.0
-116.58,40.555,293.0
-116.58,40.5583,569.0
-116.57,40.555,180.0
-119.97,43.5333,229.3
-119.96,43.535,188.6
-106.65,35.785,204.1
-111.96,40.8133,170.0
-112.1,46.595,562.4
-119.13,40.7667,242.2
-119.15,40.7667,406.0
-119.15,40.7667,1302.0
-119.15,40.7667,924.0
-117.83,39.9967,280.0
-111.73,45.3733,789.3
-111.92,42.12,1461.3
-117.99,39.6767,838.5
-119.35,40.65,210.0
-119.03,39.9717,188.6
-119.35,39.99,180.9
-119.07,40.0033,191.1
-119.01,39.9833,173.3
-119.73,39.38,4252.5
-119.75,39.395,3950.0
-119.75,39.3883,2780.0
-119.75,39.3883,3584.0
-119.75,39.39,3088.0
-119.75,39.395,4585.0
-119.77,39.3883,3296.0
-119.75,39.3883,8052.5
-106.67,35.885,209.0
-119.75,39.3917,231.0
-119.75,39.3917,1688.4
-117.64,40.5917,342.0
-117.58,40.53,265.0
-117.6,40.5267,208.0
-117.62,40.6067,231.0
-117.93,39.9467,336.0
-111.97,41.07,200.0
-119.75,39.405,2262.3
-118.65,38.53,675.0
-118.53,38.4833,749.3
-111.99,46.4483,892.5
-120.35,42.2183,1426.0
-120.35,42.215,2862.0
-113.4,42.1133,280.0
-106.67,35.9333,423.0
-106.67,35.9333,293.0
-106.63,35.9667,197.0
-106.72,35.8833,201.0
-117.54,39.8917,243.0
-117.52,39.8183,293.0
-106.04,36.3,432.7
-118.27,40.5883,693.3
-118.3,40.5967,208.6
-118.28,40.6033,179.2
-117.49,40.7467,203.8
-106.13,32.0017,358.9
-106.08,31.9833,538.7
-106.1,32.0,601.7
-106.1,31.9967,392.0
-106.19,32.02,1153.7
-106.12,32.035,507.5
-106.12,32.0617,176.4
-106.13,32.0017,357.6
-106.17,32.125,182.4
-106.16,32.1033,230.6
-106.12,32.0,513.0
-106.12,32.0017,222.5
-106.11,31.9983,627.6
-106.11,31.9817,386.4
-106.11,32.0017,405.2
-106.09,32.0017,391.6
-106.09,31.995,1097.6
-117.23,43.98,295.4
-117.23,43.98,705.6
-120.36,42.2217,895.0
-117.47,40.185,595.1
-117.47,40.17,415.0
-117.51,40.155,202.0
-117.49,40.1717,524.2
-117.9,40.31,175.0
-117.9,40.3733,218.0
-117.9,40.36,220.0
-117.91,40.4017,285.0
-117.34,39.3433,193.6
-106.72,32.2667,491.4
-116.83,39.3617,304.3
-117.27,39.4817,190.2
-106.72,32.2667,411.6
-117.14,39.905,390.8
-117.14,39.905,439.2
-117.52,39.815,290.5
-106.63,35.875,501.2
-106.66,35.9,182.0
-106.67,35.8833,182.0
-120.36,42.2233,992.0
-111.98,46.46,227.9
-117.1,39.915,338.9
-117.15,39.8867,366.9
-117.14,39.8883,481.6
-117.15,39.89,573.5
-117.15,39.8933,823.0
-117.16,39.885,364.4
-117.16,39.8883,407.7
-117.15,39.8733,265.0
-117.16,39.8783,402.6
-117.14,39.905,282.8
-117.15,39.8967,267.5
-117.15,39.895,356.7
-117.14,39.8933,580.9
-117.14,39.91,272.6
-117.14,39.9067,351.6
-117.13,39.9033,400.0
-117.13,39.9017,423.0
-117.15,39.895,550.4
-117.11,39.9133,400.0
-117.1,39.915,211.5
-117.11,39.9183,211.5
-117.16,39.8767,259.9
-117.16,39.8717,180.9
-117.15,39.8817,234.4
-104.64,30.275,172.9
-119.65,39.51,295.6
-119.72,39.3867,425.5
-115.54,39.765,169.2
-115.54,39.76,234.9
-121.5,40.355,231.0
-117.2,40.8433,621.7
-113.44,38.0583,224.0
-118.88,41.8,592.2
-118.72,41.51,180.9
-118.45,41.99,265.0
-119.76,39.3883,8295.0
-106.12,32.0417,957.9
-106.16,32.0767,360.0
-106.13,32.0383,1054.0
-118.36,42.6767,268.0
-118.35,42.6733,293.0
-164.93,65.095,221.0
-117.94,39.9483,208.8
-121.35,41.7,243.0
-121.78,42.22,377.0
-121.77,42.2383,1488.2
-120.34,42.1783,190.0
-120.36,42.2217,2883.0
-120.09,43.5317,277.7
-112.38,46.7533,619.0
-112.36,46.74,444.0
-112.35,46.73,314.0
-112.37,46.7367,724.0
-112.35,46.72,279.0
-112.37,46.7567,552.0
-112.37,46.7567,908.0
-117.86,39.9667,193.4
-113.38,42.0967,290.5
-113.37,42.095,614.0
-113.36,42.095,180.0
-113.36,42.095,840.0
-113.35,42.095,247.5
-113.35,42.0917,270.0
-113.35,42.085,400.0
-120.65,40.4067,700.0
-119.16,39.895,172.9
-119.19,39.8967,276.6
-119.22,39.88,380.4
-119.22,39.9117,380.4
-119.23,39.985,172.9
-119.23,39.8517,276.6
-119.24,39.8833,380.4
-119.23,39.9017,380.4
-119.21,39.9217,276.6
-119.22,39.9083,380.4
-119.26,39.9583,242.1
-119.25,39.9683,242.1
-119.25,39.92,207.5
-119.29,39.89,276.6
-119.26,39.8917,380.4
-119.26,39.84,242.1
-119.25,39.8617,311.2
-119.2,39.9183,345.8
-119.21,39.8833,380.4
-119.21,39.8917,380.4
-119.18,39.915,242.1
-119.18,39.875,172.9
-119.26,39.8217,179.1
-119.28,39.875,242.1
-113.57,37.66,585.6
-113.57,37.66,3006.0
-113.57,37.655,219.6
-113.57,37.655,2351.0
-113.55,37.6633,1402.0
-113.55,37.6633,1650.0
-113.56,37.6383,8000.0
-113.56,37.6517,8570.0
-113.55,37.6567,1600.0
-113.56,37.6567,1600.0
-113.56,37.66,1000.0
-113.57,37.6483,400.0
-113.56,37.6517,1600.0
-113.57,37.6617,1600.0
-113.57,37.6617,200.0
-113.56,37.6517,3065.0
-113.56,37.6483,685.8
-113.55,37.665,1522.8
-112.83,38.4917,210.0
-106.72,32.2667,582.4
-106.72,32.2667,541.8
-106.73,32.285,448.0
-106.72,32.285,624.4
-106.72,32.285,606.2
-107.38,31.7667,170.0
-119.71,43.3167,175.7
-119.57,43.195,347.3
-118.75,39.46,176.0
-119.75,39.3883,2659.7
-119.75,39.3883,748.0
-119.76,39.3883,2722.3
-117.51,44.0683,230.0
-118.0,40.0,251.0
-119.22,39.905,380.4
-117.88,40.0767,184.0
-114.98,41.1433,229.5
-107.99,32.55,285.8
-108.0,32.5717,214.7
-107.96,32.54,184.5
-107.92,32.58,175.2
-117.23,43.98,194.6
-117.23,43.98,537.6
-117.23,43.98,190.4
-117.23,43.98,263.2
-111.35,44.125,356.0
-111.45,44.4267,226.0
-111.44,44.435,356.0
-117.95,40.8533,511.8
-117.95,40.84,418.0
-118.36,40.2667,764.4
-118.55,39.3583,945.6
-118.37,42.6733,276.0
-112.57,38.5467,3640.0
-117.57,40.55,192.0
-121.77,42.2317,746.2
-121.77,42.2317,1150.0
-121.78,42.24,975.0
-112.91,38.5183,550.2
-112.88,38.465,196.0
-116.42,39.475,174.2
-120.36,42.21,171.0
-111.73,45.3717,794.2
-118.01,39.8633,604.2
-118.77,38.3617,229.3
-164.93,65.0967,881.0
-164.93,65.0967,881.0
-164.93,65.095,661.0
-164.93,65.095,445.0
-164.93,65.0933,249.0
-105.82,36.2217,230.0
-119.59,39.7367,212.9
-119.58,39.735,264.8
-117.36,40.8583,1140.0
-117.15,40.9167,176.0
-117.36,40.8633,1020.0
-118.55,39.52,3330.0
-118.56,39.535,2510.0
-117.57,40.535,234.8
-117.58,40.5317,259.0
-117.64,40.585,243.0
-117.59,40.5383,204.0
-117.64,40.6183,327.6
-117.64,40.61,378.0
-117.57,40.5483,174.7
-117.57,40.55,195.0
-117.67,40.56,188.4
-117.67,40.5617,214.0
-106.94,34.07,313.0
-106.94,34.07,462.5
-117.53,35.37,180.0
-117.53,35.38,177.7
-117.55,35.38,891.0
-117.55,35.38,1028.1
-117.53,35.39,324.5
-117.53,35.39,338.0
-117.5,35.4,188.9
-117.5,35.4,226.0
-111.78,43.7867,188.0
-118.81,41.3583,2038.4
-116.87,43.8633,171.0
-116.87,43.8083,199.0
-112.25,41.58,4184.0
-112.26,41.595,210.0
-111.65,46.535,312.0
-111.64,46.5233,227.0
-112.24,41.5783,1300.0
-112.24,41.63,321.6
-112.25,41.5867,326.0
-112.21,45.0783,608.0
-112.26,41.5833,2220.0
-112.24,41.5883,445.0
-112.24,41.5867,502.0
-112.23,41.5883,278.0
-121.96,45.03,341.0
-122.31,45.5,218.0
-122.01,45.0217,398.0
-121.96,45.0717,341.0
-117.16,43.895,289.0
-121.95,45.6483,209.0
-118.0,40.04,301.0
-114.98,41.115,223.8
-118.55,39.5367,516.9
-118.36,40.255,1433.7
-118.36,40.265,1881.0
-112.84,38.4917,186.2
-112.89,38.51,405.8
-112.86,38.4617,980.0
-113.24,43.6017,264.0
-113.24,43.6,264.0
-119.81,39.4833,2998.8
-119.79,39.4833,358.2
-119.81,39.4833,1166.4
-119.81,39.4833,1380.6
-119.81,39.4833,1488.6
-119.81,39.4833,1657.8
-119.83,39.4833,830.0
-119.81,39.4833,754.0
-119.81,39.4833,3123.0
-119.81,39.4833,676.0
-119.81,39.4833,1090.8
-119.81,39.5833,334.0
-119.79,39.4833,698.4
-119.79,39.4833,880.2
-116.21,43.67,239.0
-116.18,43.6167,452.0
-120.31,42.0383,175.0
-120.31,42.035,572.0
-119.75,39.39,4727.5
-113.39,42.0967,293.0
-113.39,42.1,198.3
-115.3,40.5633,179.9
-115.3,40.5633,313.8
-115.32,40.5467,251.0
-115.28,40.5533,173.6
-115.3,40.5333,338.9
-115.29,40.5633,288.0
-115.31,40.5533,378.9
-115.33,40.5433,303.5
-115.28,40.5633,192.0
-115.31,40.56,267.8
-115.3,40.5483,238.5
-115.31,40.555,265.7
-115.32,40.5533,272.0
-106.95,34.045,250.4
-106.95,34.0433,222.9
-106.96,34.0383,224.7
-117.86,39.9783,301.0
-106.94,34.0717,484.8
-112.1,40.7833,170.0
-106.97,32.6167,674.0
-106.97,32.6167,640.0
-104.6,30.0583,314.6
-119.75,39.365,321.6
-119.78,39.3383,221.3
-119.71,39.425,415.0
-119.76,39.4233,491.0
-119.75,39.4017,2188.9
-119.77,39.3733,536.0
-119.74,39.4233,397.7
-119.73,39.4383,255.9
-119.74,39.3967,1628.7
-117.32,40.9267,172.0
-107.0,32.6333,375.2
-119.4,40.3817,546.0
-119.4,40.455,200.2
-119.41,40.415,2380.0
-119.43,40.355,176.2
-119.47,40.37,269.4
-119.46,40.3217,305.8
-119.41,40.3417,240.2
-119.75,39.3967,5563.8
-121.29,43.7183,221.4
-111.73,45.37,3182.2
-111.73,45.37,562.5
-111.73,45.37,700.0
-116.59,40.5567,572.6
-116.58,40.5633,1960.0
-117.32,40.9367,264.3
-118.85,39.555,248.4
-118.83,39.55,363.3
-118.84,39.555,481.8
-118.85,39.555,968.2
-118.85,39.555,364.0
-118.84,39.555,329.5
-118.87,39.5683,1029.0
-118.86,39.5433,260.6
-118.84,39.5467,322.2
-118.84,39.5633,413.2
-118.86,39.57,1354.0
-118.87,39.57,264.6
-118.89,39.5483,200.6
-118.85,39.5267,169.2
-118.86,39.585,366.0
-113.2,39.7,201.0
-113.22,39.7167,209.0
-113.25,39.7667,389.0
-115.93,44.0617,185.0
-106.95,34.0717,488.1
-119.73,39.38,2058.5
-119.1,39.9,341.4
-118.75,40.0867,228.2
-118.73,40.06,245.5
-118.72,39.9933,221.3
-119.41,40.4,478.4
-118.69,40.395,183.3
-118.6,40.1567,210.9
-118.88,40.1317,300.8
-119.17,39.6633,580.0
-119.17,39.665,277.9
-119.22,39.8183,235.1
-119.92,39.82,241.1
-118.66,40.23,203.8
-118.63,40.1483,219.1
-119.15,40.03,183.3
-118.72,40.0483,298.1
-118.7,40.0467,183.5
-118.73,40.0567,170.7
-118.73,40.0567,173.3
-118.73,40.0833,183.5
-118.61,40.1483,193.6
-118.65,40.1433,178.4
-118.62,40.16,180.9
-118.63,40.2083,211.5
-119.01,39.7967,247.6
-117.64,37.78,1001.4
-117.64,37.81,178.4
-117.56,37.83,303.2
-117.67,37.905,221.7
-118.02,39.8683,824.0
-117.84,39.9917,197.8
-117.69,39.845,192.5
-118.09,39.775,280.0
-118.01,39.8617,308.0
-106.65,31.8667,224.0
-106.62,31.8333,273.0
-106.62,31.8333,239.4
-106.67,31.8667,175.0
-118.81,38.3683,178.4
-106.63,31.85,229.6
-117.93,40.05,184.0
-121.77,42.2333,4854.6
-108.1,32.1883,179.1
-120.36,42.235,841.0
-119.73,39.38,6487.5
-118.97,39.7467,276.6
-118.95,39.7533,655.2
-118.89,39.7917,394.9
-118.97,39.7717,320.3
-118.95,39.7633,1307.2
-118.92,39.76,422.2
-118.93,39.76,309.4
-112.56,44.135,285.0
-112.56,44.13,285.0
-121.96,44.7583,259.0
-121.96,44.76,259.0
-120.62,40.3933,700.0
-120.68,40.4517,364.0
-120.63,40.4017,406.0
-120.66,40.4083,343.0
-120.64,40.3967,525.0
-120.6,40.3867,182.0
-120.61,40.38,700.0
-120.63,40.37,341.6
-120.64,40.4417,609.0
-120.67,40.4333,453.6
-120.67,40.4333,700.0
-120.04,41.6217,318.0
-105.03,31.02,182.0
-105.02,31.0267,254.8
-105.0,30.9983,291.2
-118.58,39.3433,199.8
-118.59,39.3267,1507.0
-118.58,39.3133,1543.0
-118.58,39.35,871.4
-118.72,40.2733,183.5
-119.79,41.3883,2094.4
-119.03,39.9883,203.8
-119.79,41.3783,6132.0
-117.58,40.5333,251.0
-118.74,40.0683,263.0
-118.75,40.2917,180.5
-118.8,40.295,234.4
-117.57,40.5317,310.0
-119.79,41.3883,1785.0
-119.09,39.945,176.4
-119.79,41.3833,6521.2
-119.16,39.8633,169.4
-119.78,41.3867,508.2
-117.58,40.5283,226.0
-118.73,40.3717,272.1
-117.67,40.565,188.0
-119.79,41.3883,1520.4
-117.58,40.525,192.0
-117.57,40.5367,293.0
-119.79,41.465,870.8
-118.6,40.4683,238.6
-119.8,41.37,6132.0
-118.84,40.2033,242.1
-118.89,40.2217,176.4
-118.94,40.2417,397.5
-118.71,40.3567,221.1
-119.79,41.3833,1940.4
-118.84,40.3133,465.9
-118.83,40.2267,200.6
-118.84,40.2,245.5
-119.79,41.385,193.2
-119.33,39.9167,190.2
-118.32,40.0017,273.0
-118.45,40.0283,334.9
-118.64,40.3883,196.7
-118.63,40.2733,209.4
-118.74,40.0717,230.0
-114.68,39.0833,219.0
-112.38,46.7533,207.2
-120.62,40.4167,239.4
-120.6,40.3717,2195.2
-117.92,39.9433,203.0
-117.91,39.945,775.0
-120.49,40.4083,449.1
-117.91,39.9467,390.0
-117.9,39.9483,353.0
-117.89,39.9517,313.0
-117.89,39.9533,174.0
-117.17,43.905,247.2
-117.17,43.935,238.7
-117.9,39.9533,700.0
-117.19,43.94,283.6
-117.89,39.9467,201.0
-117.18,43.945,298.1
-117.17,43.9483,220.9
-117.19,43.9483,302.7
-117.85,39.985,335.0
-117.2,43.9533,293.8
-120.67,40.41,293.4
-120.62,40.4633,170.9
-117.2,43.91,185.0
-117.21,43.9683,259.9
-118.66,39.38,331.2
-118.67,39.3833,247.1
-117.2,43.92,172.2
-117.18,43.9217,233.7
-113.68,37.3217,337.5
-117.17,43.9283,210.2
-111.73,45.3683,2004.8
-119.01,40.0333,193.6
-119.02,40.02,183.3
-119.02,40.0233,183.3
-119.02,40.03,186.0
-119.0,40.0183,200.6
-118.92,40.3167,412.8
-119.04,39.985,214.0
-119.04,39.985,226.8
-119.01,39.9917,180.9
-119.22,39.9,527.4
-119.25,39.965,244.6
-119.03,39.975,175.8
-111.73,45.375,570.4
-119.52,39.58,363.1
-119.54,39.5667,622.4
-119.54,39.5667,1279.5
-119.55,39.5667,204.0
-119.53,39.58,210.9
-119.49,39.585,169.4
-119.51,39.5833,176.4
-111.73,45.3683,3442.6
-111.73,45.37,258.0
-111.73,45.365,394.9
-118.73,39.675,188.7
-118.74,39.6917,200.2
-114.41,43.305,460.0
-114.41,43.3,460.0
-114.41,43.3233,460.0
-114.41,43.32,460.0
-114.35,43.2667,176.0
-114.35,43.27,176.0
-117.12,39.92,318.0
-117.11,39.9033,460.2
-117.14,39.9,292.9
-117.15,39.8833,397.5
-111.55,43.9133,208.0
-116.11,44.67,368.0
-111.55,43.9133,189.0
-111.53,43.9383,204.0
-111.52,43.8917,221.0
-111.55,43.925,180.0
-115.88,44.03,249.0
-118.77,39.65,407.7
-118.98,39.7717,540.5
-118.55,39.5633,866.3
-119.0,39.7783,1305.3
-117.64,40.605,333.3
-119.01,39.7633,614.3
-118.99,39.745,320.3
-118.86,39.8133,315.3
-119.37,40.65,1841.0
-119.36,40.65,209.0
-119.37,40.6517,682.0
-119.37,40.6517,4180.0
-113.36,42.0933,335.0
-113.39,42.0967,335.0
-121.23,43.7083,1594.0
-121.23,43.71,1594.0
-118.36,40.265,1199.0
-111.91,40.49,262.4
-112.89,38.5367,793.8
-112.86,38.49,1043.0
-112.86,38.485,796.6
-112.86,38.5067,1838.2
-112.86,38.55,232.4
-117.24,43.98,183.0
-106.62,35.8433,247.0
-106.62,35.8433,523.0
-106.62,35.9067,900.0
-106.62,35.9067,530.0
-117.23,43.98,313.6
-117.23,43.98,585.2
-121.37,42.43,205.8
-117.24,44.1083,233.0
-119.6,39.3367,207.5
-115.52,39.7567,188.4
-115.51,39.755,277.5
-115.52,39.755,204.4
-115.53,39.745,210.0
-115.53,39.7433,185.7
-119.68,39.43,179.8
-115.51,39.7583,193.6
-115.52,39.7667,188.4
-115.52,39.7667,218.4
-115.52,39.7667,344.1
-115.51,39.7667,300.3
-115.51,39.7683,216.6
-119.67,39.4033,1549.2
-116.59,40.56,1541.4
-116.59,40.5617,1626.8
-116.59,40.5617,1569.4
-116.58,40.5617,2784.6
-116.58,40.5617,1397.2
-119.75,39.405,4978.6
-120.62,40.3983,910.0
-119.17,38.7783,731.3
-119.17,38.7783,282.8
-119.16,38.77,193.6
-119.15,38.765,224.2
-119.16,38.7617,405.1
-119.18,38.7717,733.8
-119.17,38.765,519.8
-119.18,38.7517,463.7
-119.15,38.7583,392.4
-118.62,42.3,591.4
-119.14,38.77,183.5
-118.61,42.285,188.0
-119.17,38.7867,466.3
-118.61,42.3283,339.0
-118.63,42.32,188.0
-119.16,38.77,244.6
-119.17,38.7933,468.8
-119.17,38.7967,237.0
-119.17,38.805,188.6
-119.17,38.81,196.2
-119.18,38.8233,175.8
-118.62,42.33,213.0
-119.14,38.7533,275.2
-119.15,38.76,252.3
-119.18,38.82,331.2
-119.19,38.8167,555.5
-118.61,42.3067,436.0
-111.94,42.11,328.6
-104.64,29.9083,822.9
-118.66,39.3617,196.0
-106.05,36.3,749.3
-119.72,39.3867,198.7
-117.98,40.0983,206.4
-116.63,40.1833,205.8
-115.58,39.755,208.6
-115.56,39.7567,249.8
-115.56,39.7567,180.4
-115.56,39.755,359.0
-115.56,39.755,317.8
-115.56,39.7517,241.3
-115.59,39.7667,295.5
-115.57,39.755,243.7
-111.74,43.69,171.0
-116.15,42.25,194.0
-111.53,43.94,244.0
-114.4,43.28,172.0
-114.69,43.325,207.0
-111.7,43.675,174.0
-116.16,43.5983,280.0
-114.82,43.3133,455.0
-115.52,39.74,538.2
-111.45,44.4267,201.0
-111.44,44.435,310.0
-112.9,42.5317,183.0
-118.77,38.3817,374.6
-118.58,39.3517,4313.7
-118.58,39.3433,4773.9
-118.58,39.3133,284.5
-118.58,39.3133,3305.4
-110.83,44.4833,4184.0
-110.72,44.9667,4184.0
-110.43,44.6333,4184.0
-110.7,44.7167,4184.0
-110.82,44.5667,4184.0
-110.78,44.55,4184.0
-110.83,44.5667,1925.0
-110.8,44.5833,1213.0
-110.82,44.5167,2075.0
-110.82,44.4167,3527.0
-110.85,44.4833,2427.0
-110.85,44.4833,849.0
-110.7,44.7167,1172.0
-110.37,44.5117,4184.0
-110.51,44.4417,824.0
-110.38,44.4667,661.0
-110.31,44.55,15600.0
-110.31,44.5433,1632.0
-110.32,44.5,644.0
-110.34,44.4817,481.0
-120.361,42.235,794.0
-120.361,42.235,1221.0
-120.348,42.2167,3309.0
-120.348,42.2167,1425.0
-120.341,42.2217,309.0
-120.358,42.2217,991.0
-120.308,42.0367,174.0
-120.356,42.2133,1895.0
8.17,47.46,184.0
8.2283,47.4633,179.0
24.96667,41.4,400.0
-117.173,43.91,196.0
-117.1733,43.91,196.0
-117.16,43.8933,267.0
-117.235,44.1083,232.0
-119.95,43.54,192.0
-114.3217,44.4,197.0
-114.3217,44.4,183.0
-111.531,43.9067,234.0
-111.536,43.9067,235.0
-111.535,43.8933,364.0
-111.5283,43.9383,203.0
-111.515,43.89,220.0
-111.5433,43.925,179.0
-115.8767,44.03,180.0
-111.436,43.8967,220.0
-114.401,43.2783,171.0
-114.69,43.325,206.0
-111.696,43.675,173.0
-114.821,43.3133,417.0
-112.896,42.5317,182.0
11.8126,42.9364,202.0872
11.7981,42.8888,221.3336
11.7773,42.8318,179.4936
11.8552,42.8288,169.8704
11.8833,42.8355,221.3336
11.7412,42.7802,170.7072
11.9092,42.7496,192.464
11.8193,42.8728,268.6128
11.9279,42.8452,284.9304
11.723,42.9617,344.7616
11.75,42.9627,198.74
99.9444,1.5689,226.0
100.31,1.0515,364.0
100.7483,0.5973,197.0
101.01917,0.33611,209.8
100.64278,0.78722,197.3
100.10694,1.17389,173.9
100.38361,1.06222,171.8
-113.2267,39.73,215.0
-113.1,38.1233,349.0
-113.1417,38.1483,254.0
-113.438,38.0567,223.0
-113.4383,38.0567,223.0
-113.5683,37.6383,212.0
-113.5667,37.64,349.0
-113.56,37.6517,365.0
-113.5633,37.6483,1747.0
-113.55,37.66,541.0
-113.55,37.6633,1871.0
-113.5483,37.6667,874.0
-117.8033,36.0533,669.0
-117.841,36.0367,878.0
-117.841,36.0367,338.0
-117.841,36.0367,836.0
-117.816,36.02,962.0
-117.816,36.02,920.0
-117.816,36.02,347.0
-117.876,35.975,171.0
-117.886,36.01,242.0
-117.775,35.9733,175.0
-117.755,36.0383,196.0
-117.783,36.015,750.0
-117.7833,36.015,750.0
-117.808,36.0533,687.0
-117.8083,36.0533,687.0
-117.793,36.0067,543.0
-117.793,36.0067,777.0
-117.7617,36.07,418.0
-83.23,1.7317,191.0
-83.2272,1.7315,204.0
-83.225,1.7318,219.0
-83.2233,1.7317,229.0
-83.2205,1.7322,248.0
-83.2535,1.7543,210.0
-83.2383,1.7567,252.0
-83.2355,1.7566,210.0
-83.2333,1.7567,222.0
-83.2317,1.7567,240.0
-83.2288,1.7574,195.0
-83.2267,1.7583,176.0
-83.224,1.758,183.0
-83.2221,1.7583,190.0
-83.22,1.7583,195.0
-83.2173,1.7586,212.0
-83.2517,1.755,209.0
-83.2154,1.7587,190.0
-83.2133,1.7583,186.0
-83.2117,1.7583,184.0
-83.195,1.76,178.0
-83.1933,1.76,190.0
-83.1903,1.7599,251.0
-83.1883,1.76,270.0
-83.1867,1.76,332.0
-83.1836,1.7605,299.0
-83.25,1.755,200.0
-83.1817,1.76,287.0
-83.1791,1.7607,249.0
-83.1767,1.7609,213.0
-83.175,1.7617,204.0
-83.1722,1.7613,194.0
-83.17,1.7616,195.0
-83.1683,1.7617,192.0
-83.1655,1.7618,200.0
-83.1633,1.7621,206.0
-83.1617,1.7617,213.0
-83.2467,1.755,216.0
-83.1587,1.7625,209.0
-83.1568,1.7626,207.0
-83.155,1.7633,202.0
-83.1518,1.763,216.0
-83.15,1.7633,256.0
-83.1483,1.7633,252.0
-83.1451,1.7633,223.0
-83.1433,1.7633,233.0
-83.1406,1.7638,245.0
-83.245,1.755,382.0
-83.2433,1.756,434.0
-83.2422,1.756,505.0
-83.2417,1.7567,494.0
-83.24,1.7562,340.0
-106.1833,39.3717,236.0
-106.183,39.3717,214.0
-105.8267,39.7583,206.0
-105.695,39.7617,255.0
-105.695,39.7617,192.0
8.0667,43.505,184.0
-8.105,38.05,219.0
-7.965,38.305,184.0
141.2,42.71666667,181.3
141.2,42.71666667,181.3
140.6833333,42.98333333,187.6
140.6833333,42.98333333,187.6
140.8166667,42.98333333,176.3
140.8166667,42.98333333,176.3
141.0833333,42.9,209.5
141.2,42.71666667,181.3
141.1666667,41.78333333,170.533
140.68333,42.98333,187.6
140.81667,42.98333,176.3
141.0833333,42.9,209.5
141.2,42.71666667,181.3
141.1666667,41.78333333,170.533
140.6833333,42.98333333,187.6
140.8166667,42.98333333,176.3
140.8666667,42.53333333,171.79
141.0833333,42.9,209.5
131.133,33.2,228.0
130.248,30.785,3140.0
130.268,30.7767,1047.0
130.268,30.7767,2010.0
130.268,30.7767,796.0
130.268,30.7767,544.0
140.867,42.5333,172.0
-100.671,19.786,225.0
-100.677,19.814,184.0
-6.54,37.40916667,171.0
-6.54,37.40916667,171.0
-6.54,37.40916667,171.0
-76.253,-44.60617,234.3
-76.26467,-44.6085,356.3
-76.27683,-44.61133,387.4
-76.28925,-44.61383,374.0
-76.30127,-44.61613,420.6
-76.3124,-44.6179,438.8
90.625,28.85833333,242.0
90.625,28.85833333,242.0
90.625,28.85833333,242.0
90.625,28.85833333,242.0
90.625,28.85833333,242.0
7.746944444,48.48138889,177.0
7.746944444,48.48138889,177.0
7.746944444,48.48138889,177.0
7.746944444,48.48138889,177.0
7.746944444,48.48138889,177.0
7.746944444,48.48138889,177.0
7.746944444,48.48138889,177.0
7.746944444,48.48138889,177.0
-100.66489,19.79216,261.3
-100.68695,19.80533,182.3
-100.68695,19.80533,182.3
-100.68695,19.80533,182.3
-100.6614153,19.82525596,242.0
-100.6801031,19.78493176,532.0
-100.67021,19.77975,248.1
-100.66752,19.82438,289.4
-100.66752,19.82438,289.4
-100.67644,19.82662,287.4
-100.66094,19.78968,467.6
-100.66094,19.78968,467.6
-100.67494,19.79773,265.1
-100.66305,19.79787,318.9
-100.66305,19.79787,318.9
-100.65038,19.79787,356.5
-100.65038,19.79787,356.5
-100.6711818,19.82013018,212.0
-100.6616954,19.7820946,204.0
-100.6616954,19.7820946,204.0
-100.6788635,19.82996643,176.0
-100.65931,19.82277,347.0
-100.66438,19.78621,194.5
-100.66403,19.82548,174.3
-100.66252,19.83178,297.1
-100.68695,19.81525,395.0
-100.658,19.78985,385.4
-100.672,19.81009,211.7
-100.67038,19.82422,293.3
-100.6865837,19.7717391,205.0
-100.6750263,19.830643,214.0
-100.72993,19.82779,177.3
-100.71824,19.80483,199.2
100.517,51.0,500.0
36.0,-0.283333333,175.7
10.1667,36.4167,200.0
-8.86175,34.818833,170.9
41.92,15.3142,193.0
40.08333,42.86667,208.0
12.9799467,47.55692023,176.7
12.9799467,47.55692023,176.7
10.79444,47.46667,171.8
10.79444,47.46667,171.8
13.79594439,47.86243442,205.1
13.79594439,47.86243442,205.1
-71.6167,-38.6167,256.0
-71.7317,-38.0483,215.0
-71.7,-38.5817,246.0
-71.7317,-38.2317,204.0
-83.6633,1.17333,180.0
141.0833333,42.9,209.5
141.0833333,42.9,209.5
-118.641,43.4317,188.0
-118.6417,43.4317,188.0
-117.2217,43.9867,182.0
-107.0633,20.965,170.0
137.56167,36.2575,2005.0
137.56167,36.25778,2340.0
137.56778,36.26222,1860.0
137.56167,36.2575,2005.0
-118.8083,37.6667,2510.0
100.5167,51.0,500.0
136.65,36.2,189.2524
136.9333333,37.08333333,186.3215
136.6333333,36.16666667,198.0451
136.6666667,36.31666667,210.6061
-61.9733,16.47,206.0
25.625,35.9133,169.0
-118.755,37.655,2175.0
-118.8183,37.6783,2928.0
-118.8767,37.6767,711.0
-119.0233,41.0517,422.0
-115.286,34.365,229.0
-121.4983,40.355,230.0
-119.0167,40.7533,188.0
-119.3583,40.68,370.0
-119.3867,40.6467,560.0
-119.3833,40.6567,220.0
-119.3367,40.7817,500.0
-119.3667,40.65,334.0
-119.3667,40.655,1842.0
-119.3717,40.6633,9999.0
-115.2867,34.365,229.0
127.25,-2.433,227.0
170.25,-14.833,209.0
121.4133333,24.48166667,497.7154
-117.7,32.9333,206.0
-117.7,32.9333,206.0
-117.7,32.9333,206.0
137.545,36.21666667,507.5
137.545,36.21666667,507.5
137.3916667,36.21666667,413.6666667
137.3916667,36.21666667,413.6666667
137.3916667,36.21666667,413.6666667
-71.0692,-37.8583,372.02
-71.0889,-37.8346,288.42
-71.1036,-37.8242,426.36
-119.34,40.7867,900.0
-119.333,40.85,250.0
-119.016,40.7533,188.0
-117.768,36.8067,782.0
-119.358,40.68,370.0
-119.34,40.8817,328.0
-119.333,40.8717,500.0
-119.386,40.6467,560.0
-119.37,40.6467,320.0
-119.383,40.6567,220.0
-119.385,40.6517,424.0
-119.336,40.7817,500.0
-119.366,40.65,334.0
-119.365,40.6683,1272.0
-119.366,40.655,1842.0
-119.371,40.6633,9999.0
-119.0,41.1317,516.0
-119.023,41.0517,422.0
-119.023,41.0517,317.0
-119.023,41.0517,330.0
-119.023,41.0517,249.0
-121.498,40.355,230.0
-113.3833,42.1017,334.0
-121.343,41.7033,302.0
-121.06,41.1483,184.0
-107.3833,31.7667,169.0
-113.2433,43.6083,1920.0
140.8395,40.7052,183.0
140.6395,40.6666,197.0
140.8181,40.6471,334.0
140.707,40.6355,193.0
140.8129,40.0002,290.0
140.8751,39.9808,571.0
140.7646,39.9789,190.0
140.7057,39.9377,243.0
140.9198,39.9186,252.0
140.9521,39.8847,228.0
140.7604,39.8556,214.0
140.9109,39.8245,410.0
140.7749,39.8047,263.0
140.7654,39.757,202.0
141.0907,39.4438,204.0
140.5822,39.0085,213.0
140.6588,38.979,347.0
140.7096,38.974,199.0
140.5618,38.9448,266.0
140.6946,38.7857,366.0
139.5955,38.6154,188.0
140.1716,38.5974,176.0
140.2128,37.6683,268.0
140.2455,37.6291,275.0
139.6939,37.4189,239.0
140.4072,39.9819,181.0
140.4072,39.9819,181.0
139.8821,37.7317,207.0
139.8821,37.7317,207.0
140.3185,39.0718,175.0
140.3185,39.0718,175.0
141.0001,39.4559,190.0
141.0001,39.4559,190.0
140.8638,39.0092,175.0
140.8638,39.0092,175.0
139.5199,37.1723,176.0
139.5199,37.1723,176.0
140.4075,39.6884,180.0
140.4075,39.6884,180.0
140.5544,38.7132,177.0
140.5544,38.7132,177.0
139.715,37.7565,313.0
139.715,37.7565,313.0
140.6513,38.8587,253.0
140.6513,38.8587,253.0
140.2726,40.5488,191.0
140.2726,40.5488,191.0
140.4952,38.9801,184.0
140.4952,38.9801,184.0
140.8567,41.4049,203.0
140.8567,41.4049,203.0
139.3147,37.3421,180.0
139.3147,37.3421,180.0
140.3805,38.3841,242.0
140.3805,38.3841,242.0
8.29722,47.71806,192.0
8.29722,47.71806,192.0
8.29722,47.71806,192.0
7.71806,47.51111,201.0
7.71806,47.51111,201.0
7.71806,47.51111,201.0
8.16944,47.45972,184.0
8.20139,47.45972,190.0
8.20139,47.45972,190.0
8.20139,47.45972,190.0
8.22778,47.46472,179.0
8.22778,47.46472,179.0
10.79444,47.46667,171.8
-114.6833,39.0833,222.0
36.0,-0.283333333,175.7
36.0,-0.283333333,175.7
-110.39,44.5383,577.0
-110.383,44.54,397.0
-110.311,44.55,4183.0
-110.311,44.5433,1652.0
-110.321,44.5,698.0
-110.341,44.4817,518.0
-110.39,44.5383,600.0
-110.438,44.4583,661.0
-110.4383,44.4583,645.0
-110.535,44.4317,1375.0
-110.5417,44.4117,1580.0
-110.3267,44.38,250.0
-110.3333,44.3317,185.0
-110.3317,44.465,380.0
-110.365,44.5117,500.0
-110.5067,44.4417,825.0
-110.3833,44.54,420.0
-110.4667,44.4533,680.0
-110.4,44.4333,190.0
-110.3833,44.4667,665.0
-110.3117,44.55,15300.0
-110.3117,44.5433,1620.0
-110.3217,44.5,645.0
-110.3417,44.4817,480.0
140.72,39.86,209.0
140.733,39.8617,229.0
140.755,39.8567,180.0
140.723,39.8883,176.0
140.517,42.95,220.0
140.5167,42.95,220.0
140.633,42.8333,275.0
140.6333,42.8333,275.0
144.917,43.75,226.0
144.9167,43.75,226.0
144.467,43.6083,178.0
144.4667,43.6083,178.0
142.9,43.7833,226.0
142.9,43.7833,226.0
140.825,42.025,174.0
141.15,41.8,245.0
141.15,41.8,245.0
140.875,42.55,170.0
144.45,43.5,301.0
144.45,43.5,301.0
140.0,42.15,294.0
140.0,42.15,294.0
135.2333333,34.78333333,1266.5
135.2333333,34.78333333,1266.5
-113.383,42.1017,334.0
-113.361,42.0917,334.0
-113.393,42.0967,334.0
131.5,-1.14,229.2832
133.23,-1.83,169.452
148.3,-5.55,472.792
134.0,-1.11,472.792
129.85,-4.35,472.792
145.82,-4.6,472.792
146.15,-4.2,472.792
148.0,-5.5,472.792
-100.66489,19.79216,261.3
-100.68695,19.80533,182.3
-100.67013,19.79218,479.8
-100.67021,19.77975,248.1
-100.65425,19.78473,401.0
-100.66752,19.82438,289.4
-100.67644,19.82662,287.4
-100.66094,19.78968,467.6
-100.67494,19.79773,265.1
-100.66305,19.79787,318.9
-100.65038,19.79787,356.5
-100.64631,19.78205,414.4
-100.65916,19.78459,547.2
-100.65424,19.79059,412.1
-100.67064,19.78603,452.0
-100.65931,19.82277,347.0
-100.66807,19.78246,482.4
-100.66438,19.78621,194.5
-100.66403,19.82548,174.3
-100.65831,19.81669,235.9
-100.66252,19.83178,297.1
-100.66228,19.82938,375.8
-100.68695,19.81525,395.0
-100.658,19.78985,385.4
-100.672,19.81009,211.7
-100.67038,19.82422,293.3
-100.72993,19.82779,177.3
-100.71824,19.80483,199.2
-99.68648,20.57404,351.0
-99.6957,20.56765,392.0
-110.46167,24.34386,482.0
-110.46167,24.34386,482.0
-110.46167,24.34386,482.0
-110.4796,24.34622,278.0
-110.4796,24.34622,278.0
-110.4796,24.34622,278.0
-110.51647,24.35169,353.0
-110.51647,24.35169,353.0
-110.51647,24.35169,353.0
-110.53493,24.35475,311.0
-110.53493,24.35475,311.0
-110.53493,24.35475,311.0
-110.55247,24.35798,359.0
-110.55247,24.35798,359.0
-110.55247,24.35798,359.0
-109.9791,22.8813,613.0
15.6,45.9,196.0
-107.6667,32.3667,405.0
-107.6,33.5667,197.0
-107.0167,35.2167,169.0
-104.7167,37.2167,196.0
-106.666,35.8833,251.0
-106.666,35.8833,280.0
-106.666,35.9333,213.0
-106.633,35.9667,414.0
-106.6667,35.9333,292.0
-106.6333,35.9667,414.0
-106.7167,35.8833,200.0
-107.383,31.7667,169.0
-105.6183,31.355,199.0
-113.243,43.6083,1920.0
-121.7617,42.2333,715.0
-117.9067,40.4017,207.0
-121.6183,42.1733,301.0
-117.575,35.3867,277.0
-114.683,39.0833,222.0
-105.618,31.355,199.0
-106.1,31.9917,387.0
-118.2,38.4833,301.0
-119.65,39.3,292.0
-121.7083,45.3283,371.0
-113.3617,42.0933,251.0
-113.3933,42.0967,292.0
-110.8333,44.4833,4183.0
-110.7167,44.9667,4183.0
-110.4333,44.6333,4183.0
-110.8167,44.5667,4183.0
-110.7833,44.55,4183.0
-110.8333,44.5667,4183.0
-110.8167,44.5167,4183.0
-110.8167,44.4167,1882.0
-117.3217,40.3633,309.0
137.1333,-32.7167,251.0
-117.905112,40.402601,284.75711892797324
-117.905112,40.402601,207.28643216080403
-117.53,35.3983,343.0
-118.6,41.89,189.0
-119.05,40.845,209.0
-119.35,40.6533,650.0
-134.8,57.0917,171.0
-121.3433,41.7033,302.0
-113.3617,42.0917,334.0
-113.3933,42.0967,334.0
-106.6267,35.8433,525.0
-86.0083,3.04,200.0
-85.9917,2.87333,202.0
-85.71,2.775,184.0
-86.02,-0.183333,295.0
-86.05,3.0,181.0
99.23308,18.77873,243.02
99.2209,18.80953,469.28
99.22929,18.79619,456.71
99.22162,18.81092,469.28
99.22166,18.80845,779.34
11.6333,42.8667,660.8481667
11.6333,42.8667,660.8481667
11.6333,42.8667,660.8481667
11.6333,42.8667,660.8481667
11.6333,42.8667,660.8481667
11.6333,42.8667,660.8481667
11.6333,42.8667,660.8481667
11.6333,42.8667,660.8481667
90.645,30.25333333,338.0
92.05,31.49833333,319.0
90.31666667,29.82833333,364.0
90.69483633,29.12168908,196.789
90.70120963,29.12877053,224.8419
90.625,28.85833333,242.0
90.625,28.85833333,242.0
90.625,28.85833333,242.0
90.625,28.85833333,242.0
91.8833,31.3833,319.0
90.3167,29.8333,194.0
90.3167,29.8333,347.0
90.3167,29.8333,271.0
50.4333,39.3333,193.0
-116.2083,43.67,225.0
-116.1833,43.6183,255.0
-116.1817,43.6167,412.0
-116.126,43.5833,388.0
-116.16,43.5983,243.0
-121.708,45.3283,371.0
151.25,-4.425,218.0
151.15,-4.416666667,234.0
150.9216667,-4.453333333,197.0
150.66,-4.533333333,214.0
150.3033333,-4.591666667,188.0
149.9,-4.266666667,242.0
22.2017,39.3483,207.0
137.465,35.83,219.0
101.01917,0.33611,209.8
125.05,1.58333,223.4
100.64278,0.78722,197.3
100.10694,1.17389,173.9
124.86667,1.3,353.8
100.78028,0.73778,219.0
133.22972,-1.8625,169.3
131.15639,-1.41611,178.1
100.87611,0.64611,186.0
100.38361,1.06222,171.8
99.25,18.81666667,240.0
99.25,18.8,210.0
99.25,18.8,210.0
99.23333333,18.81666667,196.0
99.235,18.785,320.0
141.0833333,42.9,209.5
24.9667,41.4,186.0
145.817,44.0,790.0
145.8,44.0,760.0
-109.4833,22.55,257.0
-85.8767,3.52833,173.0
-85.8767,3.52833,173.0
-85.8767,3.52833,173.0
-84.09,4.27,185.065
36.0,-0.283333333,175.7
36.0,-0.283333333,175.7
-110.833,44.4833,4183.0
-110.816,44.5167,4183.0
-122.0852,48.9534,247.0
-122.0873,48.957,477.0
-122.073,48.9567,272.0
-122.083,48.9267,180.0
-122.0861,48.9289,197.0
-122.1003,48.9315,184.0
-122.1131,48.9276,226.0
-122.1116,48.9297,485.0
-122.11,48.9283,887.0
-122.109,48.9274,1883.0
-122.1083,48.9276,5146.0
-122.106,48.9267,1117.0
-122.1054,48.9268,502.0
-122.1052,48.9283,364.0
-122.1064,48.9283,431.0
-122.1087,48.9282,1092.0
111.117,35.5333,222.0
137.1667,38.6667,223.0
13.0,36.61666667,170.0
13.0,36.61666667,170.0
13.0,36.61666667,170.0
70.1,40.55,207.0
