dist_bin,N,q_median,q_p90,q_max,pct_ge_thr,bin_center_km,q_med_smooth,q_p90_smooth,d_pct_median,d_pct_p90,crit_any
"[0.0, 10.0)",10463,84.0,374.6800000000001,123701.0,24.228232820414792,5.0,81.77459999999999,328.0600000000011,0.0,0.0,False
"[10.0, 20.0)",5617,79.5492,281.440000000002,6487.5,19.565604415168238,15.0,79.5492,374.6800000000001,-0.027213829233038053,0.14210815094799392,False
"[20.0, 30.0)",4362,77.0,425.8000000000002,12226.0,20.678587803759743,25.0,79.5492,425.8000000000002,0.0,0.13643642574997342,False
"[30.0, 40.0)",4061,108.0,1488.0,33920.0,38.857424279734055,35.0,83.0,425.8000000000002,0.04337944316221912,0.0,False
"[40.0, 50.0)",2623,83.0,382.0,8570.0,25.848265345024778,45.0,83.0,382.0,0.0,-0.10286519492719624,False
"[50.0, 60.0)",2087,80.0,255.0,2637.2,20.795400095831337,55.0,80.0,255.0,-0.03614457831325301,-0.3324607329842932,True
"[60.0, 70.0)",1896,76.0,205.1,3140.0,18.248945147679326,65.0,80.0,235.0,0.0,-0.0784313725490196,False
"[70.0, 80.0)",2051,80.0,235.0,2984.8,21.89176011701609,75.0,76.0,205.1,-0.05,-0.1272340425531915,False
"[80.0, 90.0)",1801,69.0,179.0,89800.0,10.827318156579677,85.0,71.0,179.0,-0.06578947368421052,-0.12725499756216477,False
"[90.0, 100.0)",1396,71.0,156.0,6176.5,8.524355300859598,95.0,69.0,156.0,-0.028169014084507043,-0.12849162011173185,False
"[100.0, 110.0)",1282,64.0,135.91000000000008,615.0,3.8221528861154446,105.0,70.2,156.0,0.01739130434782613,0.0,False
"[110.0, 120.0)",1305,70.2,193.62200000000018,3400.0,13.409961685823754,115.0,70.2,193.62200000000018,0.0,0.24116666666666786,True
"[120.0, 130.0)",1641,100.0,550.0,489000.0,36.31931748933577,125.0,80.0,240.0,0.13960113960113957,0.23952856596874203,True
"[130.0, 140.0)",1326,80.0,240.0,1169.0,20.889894419306184,135.0,80.0,240.0,0.0,0.0,False
"[140.0, 150.0)",1149,72.0,144.20000000000005,1162.0,6.005221932114883,145.0,75.4,144.20000000000005,-0.057499999999999926,-0.3991666666666665,True
"[150.0, 160.0)",1069,75.4,133.9776,493.7,4.11599625818522,155.0,73.0,133.9776,-0.03183023872679053,-0.07089042995839145,False
"[160.0, 170.0)",1107,73.0,125.19999999999999,569.0,3.071364046973803,165.0,75.4,131.85,0.0328767123287672,-0.015880266552020645,False
"[170.0, 180.0)",764,81.0,131.85,6390.0,2.74869109947644,175.0,77.9,131.85,0.03315649867374005,0.0,False
"[180.0, 190.0)",792,77.9,132.89999999999998,498.0,2.525252525252525,185.0,77.9,131.85,0.0,0.0,False
"[190.0, 200.0)",719,72.0,128.85,1164.0,3.3379694019471486,195.0,72.01296,128.85,-0.07557175866495505,-0.022753128555176336,False
"[200.0, 210.0)",681,72.01296,123.35,334.0,2.0558002936857562,205.0,72.0,123.35,-0.00017996760583104406,-0.042685292976329066,False
"[210.0, 220.0)",704,70.0,117.0,1500.0,3.4090909090909087,215.0,72.01296,123.35,0.00018000000000009366,0.0,False
"[220.0, 230.0)",612,76.05,128.0,369.0,2.450980392156863,225.0,70.0,128.0,-0.02795274628344685,0.03769760843129312,False
"[230.0, 240.0)",549,70.0,139.9999999999999,120744.0,9.107468123861565,235.0,70.0,139.9999999999999,0.0,0.09374999999999911,False
"[240.0, 250.0)",617,67.0,145.45999999999998,1344.0,8.589951377633712,245.0,68.15,139.9999999999999,-0.026428571428571346,0.0,False
"[250.0, 260.0)",580,68.15,118.32000000000008,700.0,4.655172413793104,255.0,67.0,118.32000000000008,-0.016874541452678,-0.1548571428571416,False
"[260.0, 270.0)",539,63.0,116.03999999999999,904.0,2.9684601113172544,265.0,63.0,116.03999999999999,-0.05970149253731343,-0.019269776876268466,False
"[270.0, 280.0)",529,61.1,113.5,343.0,2.835538752362949,275.0,63.0,116.03999999999999,0.0,0.0,False
"[280.0, 290.0)",624,66.9444,119.70000000000005,2500.0,4.647435897435898,285.0,66.9444,113.5,0.06260952380952384,-0.021889003791795866,False
"[290.0, 300.0)",564,67.0,104.0,331.0,1.5957446808510638,295.0,67.0,104.0,0.0008305399704829429,-0.08370044052863436,False
"[300.0, 310.0)",478,67.0,98.0,385.0,1.0460251046025104,305.0,67.0,98.64804600000002,0.0,-0.05146109615384594,False
"[310.0, 320.0)",402,65.35,98.64804600000002,241.0,1.7412935323383085,315.0,67.0,98.64804600000002,0.0,0.0,False
"[320.0, 330.0)",590,71.0,111.10000000000002,2530.0,3.898305084745763,325.0,65.35,111.10000000000002,-0.024626865671641875,0.12622605824346483,False
"[330.0, 340.0)",545,62.7,121.0,109480.0,4.954128440366973,335.0,65.0,113.20000000000005,-0.005355776587605116,0.018901890189019104,False
"[340.0, 350.0)",510,65.0,113.20000000000005,680.0,2.3529411764705883,345.0,65.0,113.20000000000005,0.0,0.0,False
"[350.0, 360.0)",379,66.0,102.79999999999995,228.7,2.638522427440633,355.0,66.0,113.20000000000005,0.015384615384615385,0.0,False
"[360.0, 370.0)",452,69.0,119.97480000000002,765.0,4.867256637168142,365.0,66.0,102.79999999999995,0.0,-0.09187279151943539,False
"[370.0, 380.0)",368,64.75,102.0,528.0,0.8152173913043478,375.0,66.3,108.0,0.004545454545454503,0.050583657587549104,False
"[380.0, 390.0)",381,66.3,108.0,439.0,2.3622047244094486,385.0,66.3,108.0,0.0,0.0,False
"[390.0, 400.0)",478,68.0,108.20000000000005,222.0,0.41841004184100417,395.0,66.3,108.20000000000005,0.0,0.0018518518518522728,False
"[400.0, 410.0)",411,64.6,122.25,300.0,2.4330900243309004,405.0,64.6,108.20000000000005,-0.025641025641025685,0.0,False
"[410.0, 420.0)",432,63.0,102.0,205.0,0.6944444444444444,415.0,63.0,106.1,-0.024767801857585054,-0.019408502772643717,False
"[420.0, 430.0)",443,61.9,106.1,202.0,0.6772009029345373,425.0,63.0,102.0,0.0,-0.038642789820923604,False
"[430.0, 440.0)",340,68.0,91.10000000000002,158.0,0.0,435.0,61.9,103.8,-0.01746031746031748,0.017647058823529384,False
"[440.0, 450.0)",336,59.22,103.8,157.0,0.0,445.0,65.0,103.8,0.050080775444264966,0.0,False
"[450.0, 460.0)",387,65.0,109.4,566.0,0.516795865633075,455.0,65.0,109.4,0.0,0.0539499036608864,False
"[460.0, 470.0)",401,67.0,295.4,1127.0,15.211970074812967,465.0,65.0,113.96881201000002,0.0,0.04176244981718479,False
"[470.0, 480.0)",358,63.0,113.96881201000002,594.0,4.748603351955307,475.0,67.0,113.96881201000002,0.03076923076923077,0.0,False
"[480.0, 490.0)",395,70.0,113.0,871.0,1.2658227848101267,485.0,63.0,113.0,-0.05970149253731343,-0.008500676570314824,False
"[490.0, 500.0)",321,59.9,88.7,341.0,1.557632398753894,495.0,59.9,88.7,-0.049206349206349226,-0.21504424778761058,True
"[500.0, 510.0)",274,58.5,84.0,203.0,1.824817518248175,505.0,58.5,84.24000000000005,-0.023372287145242046,-0.05028184892897352,False
"[510.0, 520.0)",290,58.0,84.24000000000005,244.0,2.0689655172413794,515.0,58.0,84.24000000000005,-0.008547008547008548,0.0,False
"[520.0, 530.0)",230,58.0,92.51571514799998,192.0,0.8695652173913043,525.0,58.0,92.51571514799998,0.0,0.09823973347578262,False
"[530.0, 540.0)",290,65.0,96.0,253.0,1.0344827586206897,535.0,61.0,96.0,0.05172413793103448,0.037661545894404076,False
"[540.0, 550.0)",301,61.0,103.3,252.0,0.9966777408637874,545.0,61.0,96.0,0.0,0.0,False
"[550.0, 560.0)",243,58.0,95.0,126.5,0.0,555.0,61.0,95.0,0.0,-0.010416666666666666,False
"[560.0, 570.0)",264,61.0,90.37800000000001,268.0,0.3787878787878788,565.0,61.0,95.0,0.0,0.0,False
"[570.0, 580.0)",288,61.5,101.0,760.0,3.125,575.0,61.5,90.37800000000001,0.00819672131147541,-0.04865263157894722,False
"[580.0, 590.0)",312,61.5,84.0,272.0,2.2435897435897436,585.0,61.5,95.3,0.0,0.054460156232711304,False
"[590.0, 600.0)",335,65.0,95.3,544.0,0.2985074626865672,595.0,61.5,95.3,0.0,0.0,False
"[600.0, 610.0)",305,61.0,117.20000000000005,365.0,1.3114754098360655,605.0,61.0,95.3,-0.008130081300813009,0.0,False
"[610.0, 620.0)",268,57.0,90.0,209.0,0.3731343283582089,615.0,57.30619617,90.0,-0.06055416114754099,-0.05561385099685202,False
"[620.0, 630.0)",285,57.30619617,85.6,216.89,1.4035087719298245,625.0,57.30619617,87.90000000000003,0.0,-0.023333333333332953,False
"[630.0, 640.0)",302,59.0,87.90000000000003,140.0,0.0,635.0,59.0,87.90000000000003,0.029557080092618548,0.0,False
"[640.0, 650.0)",337,60.2,93.32000000000002,326.0,0.8902077151335311,645.0,60.0,87.90000000000003,0.01694915254237288,0.0,False
"[650.0, 660.0)",305,60.0,87.48000000000002,175.0,0.32786885245901637,655.0,60.2,93.32000000000002,0.003333333333333381,0.061660978384527707,False
"[660.0, 670.0)",286,62.4,100.0,205.5817,0.34965034965034963,665.0,61.0,97.14,0.01328903654485045,0.040934419202743016,False
"[670.0, 680.0)",344,61.0,97.14,196.0,1.1627906976744187,675.0,61.0,100.0,0.0,0.02944204241301214,False
"[680.0, 690.0)",309,58.0,106.0,134.0,0.0,685.0,58.0,97.14,-0.04918032786885246,-0.028599999999999993,False
"[690.0, 700.0)",297,55.9,94.04000000000006,177.0,0.6734006734006733,695.0,58.0,104.5,0.0,0.07576693432159769,False
"[700.0, 710.0)",301,58.0,104.5,225.0,0.6644518272425249,705.0,55.9,94.04000000000006,-0.03620689655172416,-0.1000956937799037,False
"[710.0, 720.0)",331,55.0,88.0,113.6656493,0.0,715.0,57.5,88.925297666,0.02862254025044725,-0.054388582879626265,False
"[720.0, 730.0)",254,57.5,88.925297666,510.0,0.39370078740157477,725.0,57.5,88.925297666,0.0,0.0,False
"[730.0, 740.0)",228,59.0,90.0,285.0,1.3157894736842104,735.0,57.5,88.925297666,0.0,0.0,False
"[740.0, 750.0)",307,56.146,87.83666736400015,135.8278154,0.0,745.0,56.146,89.19698189,-0.02354782608695651,0.003055196115512969,False
"[750.0, 760.0)",248,55.35,89.19698189,138.0,0.0,755.0,56.146,89.19698189,0.0,0.0,False
"[760.0, 770.0)",279,59.0,102.20000000000002,156.0,0.0,765.0,59.0,94.0,0.05083176005414454,0.053847316447581166,False
"[770.0, 780.0)",247,62.8,94.0,230.0,2.42914979757085,775.0,62.8,97.41365218,0.0644067796610169,0.03631544872340425,False
"[780.0, 790.0)",198,66.1,97.41365218,155.0,0.0,785.0,64.0,97.41365218,0.019108280254777118,0.0,False
"[790.0, 800.0)",193,64.0,98.0,192.0,0.5181347150259068,795.0,64.0,98.0,0.0,0.006019154470428359,False
"[800.0, 810.0)",259,62.0,105.0,170.0,0.7722007722007722,805.0,62.0,98.0,-0.03125,0.0,False
"[810.0, 820.0)",201,58.0,95.0,142.0,0.0,815.0,60.336,95.0,-0.02683870967741938,-0.030612244897959183,False
"[820.0, 830.0)",222,60.336,94.0,157.0,0.0,825.0,58.0,94.0,-0.038716520816759456,-0.010526315789473684,False
"[830.0, 840.0)",192,57.35,82.9,133.0,0.0,835.0,60.336,94.0,0.04027586206896549,0.0,False
"[840.0, 850.0)",259,64.0,96.0,140.0,0.0,845.0,63.0,90.0,0.04415274463007163,-0.0425531914893617,False
"[850.0, 860.0)",240,63.0,90.0,139.0,0.0,855.0,63.0,90.0,0.0,0.0,False
"[860.0, 870.0)",222,53.0,77.80000000000001,139.0,0.0,865.0,61.0,90.0,-0.031746031746031744,0.0,False
"[870.0, 880.0)",220,61.0,93.91999999999999,126.0,0.0,875.0,61.0,93.91999999999999,0.0,0.04355555555555542,False
"[880.0, 890.0)",397,65.0,343.2000000000006,3212.0,12.34256926952141,885.0,61.0,93.91999999999999,0.0,0.0,False
"[890.0, 900.0)",288,58.0,93.0,130.634,0.0,895.0,59.0,93.0,-0.03278688524590164,-0.009795570698466649,False
"[900.0, 910.0)",207,59.0,86.0,162.0,0.0,905.0,58.0,86.0,-0.01694915254237288,-0.07526881720430108,False
"[910.0, 920.0)",201,58.0,82.0,319.0,0.9950248756218906,915.0,58.0,82.6,0.0,-0.0395348837209303,False
"[920.0, 930.0)",235,56.0,82.6,193.0,1.702127659574468,925.0,58.0,82.6,0.0,0.0,False
"[930.0, 940.0)",203,58.0,91.0,170.0,0.49261083743842365,935.0,58.0,91.0,0.0,0.10169491525423736,False
"[940.0, 950.0)",252,60.5,99.3,188.0,0.3968253968253968,945.0,58.0,91.0,0.0,0.0,False
"[950.0, 960.0)",224,57.0,85.215067559,159.0,0.0,955.0,57.0,85.215067559,-0.017241379310344827,-0.0635706861648351,False
"[960.0, 970.0)",204,54.0,72.0,138.0,0.0,965.0,54.0,85.215067559,-0.05263157894736842,0.0,False
"[970.0, 980.0)",231,53.0,89.0,229.0,0.4329004329004329,975.0,53.0,76.2031,-0.018518518518518517,-0.10575556432857862,False
"[980.0, 990.0)",198,51.0,76.2031,123.0,0.0,985.0,51.0,76.2031,-0.03773584905660377,0.0,False
"[990.0, 1000.0)",241,50.0,76.0,105.0,0.0,995.0,51.0,76.2031,0.0,0.0,False
"[1000.0, 1010.0)",180,52.0,87.19999999999999,132.0,0.0,1005.0,50.2416,82.0,-0.014870588235294151,0.07607170836881955,False
"[1010.0, 1020.0)",296,50.2416,82.0,110.0,0.0,1015.0,50.2416,82.0,0.0,0.0,False
"[1020.0, 1030.0)",241,47.0,72.0,1556.4,0.8298755186721992,1025.0,47.0,72.0,-0.0645202382089742,-0.12195121951219512,False
"[1030.0, 1040.0)",193,47.0,66.0,439.1,1.0362694300518136,1035.0,47.0,66.0,0.0,-0.08333333333333333,False
"[1040.0, 1050.0)",206,49.0,65.0,149.644,0.0,1045.0,47.0,66.0,0.0,0.0,False
"[1050.0, 1060.0)",278,47.0,71.60000000000002,260.0,0.7194244604316548,1055.0,49.0,71.60000000000002,0.0425531914893617,0.08484848484848519,False
"[1060.0, 1070.0)",173,51.0,71.9298,103.0,0.0,1065.0,51.0,71.9298,0.04081632653061224,0.0046061452513963316,False
"[1070.0, 1080.0)",131,51.0,74.0,142.0,0.0,1075.0,51.0,74.0,0.0,0.028780839095896273,False
"[1080.0, 1090.0)",145,48.0,76.39999999999996,248.0,0.6896551724137931,1085.0,51.0,76.39999999999996,0.0,0.032432432432431935,False
"[1090.0, 1100.0)",194,52.0,76.70000000000002,116.0,0.0,1095.0,52.0,76.39999999999996,0.0196078431372549,0.0,False
"[1100.0, 1110.0)",134,52.0,71.0,111.0,0.0,1105.0,52.0,76.70000000000002,0.0,0.003926701570681337,False
"[1110.0, 1120.0)",146,51.0,95.0,215.631,0.684931506849315,1115.0,52.0,95.0,0.0,0.23859191655801798,True
"[1120.0, 1130.0)",160,55.0,105.0,523.0,1.25,1125.0,54.0,101.0,0.038461538461538464,0.06315789473684211,False
"[1130.0, 1140.0)",140,54.0,101.0,271.0,1.4285714285714286,1135.0,55.0,105.0,0.018518518518518517,0.039603960396039604,False
"[1140.0, 1150.0)",191,57.0,118.2,155.0,0.0,1145.0,56.0,101.0,0.01818181818181818,-0.0380952380952381,False
"[1150.0, 1160.0)",185,56.0,78.06,137.7,0.0,1155.0,57.0,78.06,0.017857142857142856,-0.2271287128712871,True
"[1160.0, 1170.0)",152,59.0,74.9,120.0,0.0,1165.0,56.5,74.9,-0.008771929824561403,-0.04048168075839094,False
"[1170.0, 1180.0)",146,56.5,73.5,116.3,0.0,1175.0,56.5,73.5,0.0,-0.018691588785046804,False
"[1180.0, 1190.0)",164,51.2,72.0,118.0,0.0,1185.0,56.5,73.5,0.0,0.0,False
"[1190.0, 1200.0)",150,61.0,82.0,212.0,0.6666666666666667,1195.0,58.0,75.0,0.02654867256637168,0.02040816326530612,False
"[1200.0, 1210.0)",155,58.0,75.0,155.0,0.0,1205.0,58.0,75.0,0.0,0.0,False
"[1210.0, 1220.0)",144,55.5,74.70000000000002,199.0,2.083333333333333,1215.0,58.0,75.0,0.0,0.0,False
"[1220.0, 1230.0)",144,58.0,75.0,158.0,0.0,1225.0,57.5,75.0,-0.008620689655172414,0.0,False
"[1230.0, 1240.0)",172,57.5,76.0,423.0,1.744186046511628,1235.0,57.5,75.0,0.0,0.0,False
"[1240.0, 1250.0)",187,53.0,72.4,113.0,0.0,1245.0,54.5,76.0,-0.05217391304347826,0.013333333333333334,False
"[1250.0, 1260.0)",156,54.5,76.0,132.0,0.0,1255.0,54.5,76.0,0.0,0.0,False
"[1260.0, 1270.0)",132,57.95,80.0,195.0,0.7575757575757576,1265.0,54.5,76.0,0.0,0.0,False
"[1270.0, 1280.0)",185,52.0,76.0,184.756,1.0810810810810811,1275.0,57.0,79.30000000000001,0.045871559633027525,0.043421052631579096,False
"[1280.0, 1290.0)",188,57.0,79.30000000000001,165.11,0.0,1285.0,52.0,76.0,-0.08771929824561403,-0.041614123581336836,False
"[1290.0, 1300.0)",186,51.0,76.0,138.0,0.0,1295.0,55.0,76.0,0.057692307692307696,0.0,False
"[1300.0, 1310.0)",182,55.0,75.0,91.0,0.0,1305.0,51.0,75.30000000000001,-0.07272727272727272,-0.009210526315789324,False
"[1310.0, 1320.0)",168,49.87657,75.30000000000001,117.2304,0.0,1315.0,54.0,75.19999999999999,0.058823529411764705,-0.0013280212483402752,False
"[1320.0, 1330.0)",190,54.0,75.19999999999999,132.0,0.0,1325.0,54.0,75.19999999999999,0.0,0.0,False
"[1330.0, 1340.0)",176,58.0,75.05,133.9776,0.0,1335.0,54.0,75.19999999999999,0.0,0.0,False
"[1340.0, 1350.0)",201,51.0,76.0,108.0,0.0,1345.0,54.5,75.05,0.009259259259259259,-0.001994680851063717,False
"[1350.0, 1360.0)",180,54.5,73.0,155.0,0.0,1355.0,54.5,74.6,0.0,-0.005996002664890111,False
"[1360.0, 1370.0)",185,58.0,74.6,104.25132,0.0,1365.0,58.0,74.6,0.06422018348623854,0.0,False
"[1370.0, 1380.0)",182,59.0,82.0,193.0,1.098901098901099,1375.0,59.0,75.62,0.017241379310344827,0.013672922252010862,False
"[1380.0, 1390.0)",196,60.0,75.62,120.0,0.0,1385.0,60.0,82.0,0.01694915254237288,0.08436921449352017,False
"[1390.0, 1400.0)",173,60.0,88.96000000000001,141.0,0.0,1395.0,60.0,75.62,0.0,-0.07780487804878043,False
"[1400.0, 1410.0)",151,55.5,73.0,94.0,0.0,1405.0,60.0,75.61744,0.0,-3.385347791592912e-05,False
"[1410.0, 1420.0)",167,61.0,75.61744,237.0,1.7964071856287425,1415.0,58.0,75.61744,-0.03333333333333333,0.0,False
"[1420.0, 1430.0)",114,58.0,76.0,118.0,0.0,1425.0,61.0,76.0,0.05172413793103448,0.005059150375892096,False
"[1430.0, 1440.0)",93,63.0,85.8,102.0,0.0,1435.0,59.7,85.0,-0.02131147540983602,0.11842105263157894,False
"[1440.0, 1450.0)",111,59.7,85.0,120.0,0.0,1445.0,61.0,85.0,0.021775544388609666,0.0,False
"[1450.0, 1460.0)",107,61.0,79.4,99.0,0.0,1455.0,59.7,80.10000000000001,-0.02131147540983602,-0.05764705882352931,False
"[1460.0, 1470.0)",100,55.0,80.10000000000001,185.0,3.0,1465.0,56.0,80.10000000000001,-0.061976549413735385,0.0,False
"[1470.0, 1480.0)",130,56.0,81.10000000000001,184.0,1.5384615384615385,1475.0,56.0,81.10000000000001,0.0,0.012484394506866416,False
"[1480.0, 1490.0)",83,59.0,90.19999999999997,135.0,0.0,1485.0,59.0,81.10000000000001,0.05357142857142857,0.0,False
"[1490.0, 1500.0)",82,60.5,81.0,128.0,0.0,1495.0,59.0,89.0,0.0,0.097410604192355,False
"[1500.0, 1510.0)",96,55.5,89.0,240.0,1.0416666666666665,1505.0,55.5,81.0,-0.059322033898305086,-0.0898876404494382,False
"[1510.0, 1520.0)",119,51.0,78.0,157.0,0.0,1515.0,55.5,89.0,0.0,0.09876543209876543,False
"[1520.0, 1530.0)",71,59.0,96.0,118.0,0.0,1525.0,54.0,78.0,-0.02702702702702703,-0.12359550561797752,False
"[1530.0, 1540.0)",83,54.0,78.0,122.0,0.0,1535.0,56.5,78.0,0.046296296296296294,0.0,False
"[1540.0, 1550.0)",76,56.5,76.5,114.0,0.0,1545.0,55.0,76.5,-0.02654867256637168,-0.019230769230769232,False
"[1550.0, 1560.0)",80,55.0,72.10000000000001,127.0,0.0,1555.0,55.0,72.10000000000001,0.0,-0.05751633986928093,False
"[1560.0, 1570.0)",122,45.5,70.0,124.0,0.0,1565.0,55.0,70.0,0.0,-0.029126213592233125,False
"[1570.0, 1580.0)",84,58.0,69.80000000000001,112.0,0.0,1575.0,56.1,70.0,0.020000000000000025,0.0,False
"[1580.0, 1590.0)",86,56.1,75.0,126.0,0.0,1585.0,56.1,75.0,0.0,0.07142857142857142,False
"[1590.0, 1600.0)",67,52.0,76.19999999999999,121.0,0.0,1595.0,56.1,75.0,0.0,0.0,False
"[1600.0, 1610.0)",85,61.0,69.60000000000001,350.0,1.1764705882352942,1605.0,59.0,75.0,0.05169340463458108,0.0,False
"[1610.0, 1620.0)",81,59.0,75.0,107.0,0.0,1615.0,59.0,75.0,0.0,0.0,False
"[1620.0, 1630.0)",89,57.0,95.2,250.0,2.247191011235955,1625.0,57.0,75.0,-0.03389830508474576,0.0,False
"[1630.0, 1640.0)",78,56.0,70.3,131.0,0.0,1635.0,57.0,79.04,0.0,0.05386666666666675,False
"[1640.0, 1650.0)",70,59.0,79.04,133.0,0.0,1645.0,58.0,79.04,0.017543859649122806,0.0,False
"[1650.0, 1660.0)",88,58.0,89.6,180.0,1.1363636363636365,1655.0,58.0,89.6,0.0,0.1336032388663966,False
"[1660.0, 1670.0)",52,56.0,110.0,187.0,1.9230769230769231,1665.0,56.2,89.6,-0.03103448275862064,0.0,False
"[1670.0, 1680.0)",90,56.2,87.0,134.0,0.0,1675.0,56.0,87.0,-0.003558718861210015,-0.02901785714285708,False
"[1680.0, 1690.0)",73,56.0,86.6,154.0,0.0,1685.0,56.2,86.6,0.003571428571428622,-0.004597701149425352,False
"[1690.0, 1700.0)",56,58.5,83.5,125.0,0.0,1695.0,56.0,86.6,-0.003558718861210015,0.0,False
"[1700.0, 1710.0)",64,55.5,96.50000000000001,152.0,0.0,1705.0,58.5,83.5,0.044642857142857144,-0.0357967667436489,False
"[1710.0, 1720.0)",59,62.0,80.0,124.0,0.0,1715.0,55.5,81.92,-0.05128205128205128,-0.018922155688622735,False
"[1720.0, 1730.0)",83,51.9,81.92,106.0,0.0,1725.0,53.2,80.0,-0.04144144144144139,-0.02343750000000002,False
"[1730.0, 1740.0)",99,53.2,75.0,113.0,0.0,1735.0,53.2,81.92,0.0,0.02400000000000002,False
"[1740.0, 1750.0)",79,58.0,85.2,118.0,0.0,1745.0,57.0,76.92,0.07142857142857137,-0.06103515625,False
"[1750.0, 1760.0)",82,57.0,76.92,203.0,2.4390243902439024,1755.0,58.0,79.39,0.017543859649122806,0.03211128445137804,False
"[1760.0, 1770.0)",38,62.8,79.39,179.0,2.631578947368421,1765.0,60.5,79.39,0.04310344827586207,0.0,False
"[1770.0, 1780.0)",58,60.5,97.80000000000003,338.0,8.620689655172415,1775.0,60.5,85.00000000000009,0.0,0.07066381156317023,False
"[1780.0, 1790.0)",48,60.0,85.00000000000009,117.0,0.0,1785.0,60.0,85.00000000000009,-0.008264462809917356,0.0,False
"[1790.0, 1800.0)",52,56.45,77.42399999999999,139.0,0.0,1795.0,56.45,77.42399999999999,-0.05916666666666662,-0.08912941176470689,False
"[1800.0, 1810.0)",74,52.35,76.7,107.0,0.0,1805.0,56.0,76.7,-0.007971656333038138,-0.009351105600330513,False
"[1810.0, 1820.0)",127,56.0,72.4,156.0,0.0,1815.0,56.0,72.4,0.0,-0.05606258148631026,False
"[1820.0, 1830.0)",145,57.0,68.0,140.0,0.0,1825.0,56.0,68.9,0.0,-0.04834254143646408,False
"[1830.0, 1840.0)",142,51.0,68.9,114.0,0.0,1835.0,51.0,68.9,-0.08928571428571429,0.0,False
"[1840.0, 1850.0)",65,50.0,72.6,467.0,1.5384615384615385,1845.0,51.0,72.6,0.0,0.053701015965166736,False
"[1850.0, 1860.0)",89,55.0,72.6,97.0,0.0,1855.0,50.0,72.6,-0.0196078431372549,0.0,False
"[1860.0, 1870.0)",51,48.0,75.0,111.0,0.0,1865.0,55.0,75.0,0.1,0.033057851239669506,False
"[1870.0, 1880.0)",40,58.5,81.1,109.0,0.0,1875.0,56.0,75.0,0.01818181818181818,0.0,False
"[1880.0, 1890.0)",44,56.0,71.7,79.0,0.0,1885.0,56.0,71.7,0.0,-0.04399999999999996,False
"[1890.0, 1900.0)",42,56.0,65.0,80.0,0.0,1895.0,56.0,70.2,0.0,-0.02092050209205021,False
"[1900.0, 1910.0)",69,54.0,70.2,119.0,0.0,1905.0,54.0,70.2,-0.03571428571428571,0.0,False
"[1910.0, 1920.0)",54,53.5,73.10000000000001,105.0,0.0,1915.0,54.0,73.10000000000001,0.0,0.04131054131054139,False
"[1920.0, 1930.0)",64,56.0,80.26,145.0,0.0,1925.0,56.0,80.26,0.037037037037037035,0.09794801641586862,False
"[1930.0, 1940.0)",54,58.5,85.0,123.0,0.0,1935.0,56.0,80.26,0.0,0.0,False
"[1940.0, 1950.0)",61,50.0,80.0,156.0,0.0,1945.0,50.0,80.0,-0.10714285714285714,-0.0032394717169200735,False
"[1950.0, 1960.0)",74,44.0,77.7,120.0,0.0,1955.0,50.0,80.0,0.0,0.0,False
"[1960.0, 1970.0)",42,55.5,87.8,126.0,0.0,1965.0,52.9,77.7,0.05799999999999997,-0.028749999999999963,False
"[1970.0, 1980.0)",36,52.9,74.0,85.0,0.0,1975.0,52.9,78.80000000000001,0.0,0.014157014157014267,False
"[1980.0, 1990.0)",54,52.0,78.80000000000001,106.0,0.0,1985.0,52.9,78.80000000000001,0.0,0.0,False
"[1990.0, 2000.0)",46,62.0,125.0,173.0,4.3478260869565215,1995.0,56.9,98.90000000000006,0.07561436672967864,0.2550761421319803,True
"[2000.0, 2010.0)",38,56.9,98.90000000000006,115.0,0.0,2005.0,56.9,111.4,0.0,0.12639029322547962,False
"[2010.0, 2020.0)",60,50.2,111.4,306.0,3.3333333333333335,2015.0,56.9,111.4,0.0,0.0,False
"[2020.0, 2030.0)",37,59.3,122.59999999999997,161.0,0.0,2025.0,59.3,111.4,0.04217926186291737,0.0,False
"[2030.0, 2040.0)",38,67.0,109.30000000000001,283.0,5.263157894736842,2035.0,60.93562,109.30000000000001,0.02758212478920747,-0.018850987432674993,False
"[2040.0, 2050.0)",34,60.93562,88.79999999999998,139.0,0.0,2045.0,60.93562,96.99999999999999,0.0,-0.11253430924062237,False
"[2050.0, 2060.0)",34,51.0,96.99999999999999,169.0,5.88235294117647,2055.0,55.0,96.99999999999999,-0.0974080513171114,0.0,False
"[2060.0, 2070.0)",51,55.0,98.0,151.0,0.0,2065.0,51.0,96.99999999999999,-0.07272727272727272,0.0,False
"[2070.0, 2080.0)",38,47.5,69.80000000000003,92.18,0.0,2075.0,53.0,94.19999999999999,0.0392156862745098,-0.028865979381443273,False
"[2080.0, 2090.0)",37,53.0,94.19999999999999,119.0,0.0,2085.0,47.5,79.5,-0.10377358490566038,-0.15605095541401265,False
"[2090.0, 2100.0)",26,42.5,79.5,101.0,0.0,2095.0,46.0,79.5,-0.031578947368421054,0.0,False
"[2100.0, 2110.0)",37,46.0,67.52,101.0,0.0,2105.0,46.0,79.5,0.0,0.0,False
"[2110.0, 2120.0)",46,62.0,81.0,745.0,2.1739130434782608,2115.0,46.0,67.52,0.0,-0.1506918238993711,False
"[2120.0, 2130.0)",28,46.0,67.5,76.0,0.0,2125.0,56.85,81.0,0.23586956521739133,0.19964454976303325,False
"[2130.0, 2140.0)",26,56.85,102.0,122.0,0.0,2135.0,48.0,94.0,-0.1556728232189974,0.16049382716049382,False
"[2140.0, 2150.0)",24,48.0,94.0,132.0,0.0,2145.0,56.85,102.0,0.18437500000000004,0.0851063829787234,False
"[2150.0, 2160.0)",29,62.0,110.4,132.0,0.0,2155.0,58.3,94.0,0.025505716798592714,-0.0784313725490196,False
"[2160.0, 2170.0)",43,58.3,88.60000000000001,158.0,0.0,2165.0,58.3,88.60000000000001,0.0,-0.05744680851063821,False
"[2170.0, 2180.0)",49,48.0,73.84000000000003,108.8568,0.0,2175.0,48.0,86.5,-0.176672384219554,-0.0237020316027089,False
"[2180.0, 2190.0)",40,46.0,86.5,271.0,2.5,2185.0,48.0,73.84000000000003,0.0,-0.1463583815028898,False
"[2190.0, 2200.0)",34,48.5,65.19999999999999,131.0,0.0,2195.0,48.5,83.23000000000002,0.010416666666666666,0.12716684723726954,False
"[2200.0, 2210.0)",32,49.5,83.23000000000002,126.0,0.0,2205.0,49.5,83.23000000000002,0.020618556701030927,0.0,False
"[2210.0, 2220.0)",29,53.0,90.19999999999999,167.0,0.0,2215.0,49.5,90.19999999999999,0.0,0.08374384236453164,False
"[2220.0, 2230.0)",31,49.0,95.5,140.0,0.0,2225.0,53.0,90.19999999999999,0.0707070707070707,0.0,False
"[2230.0, 2240.0)",19,60.0,79.88,115.0,0.0,2235.0,57.0,79.88,0.07547169811320754,-0.11441241685144118,False
"[2240.0, 2250.0)",48,57.0,77.04,90.0,0.0,2245.0,57.0,77.04,0.0,-0.035553329994992354,False
"[2250.0, 2260.0)",26,52.5,69.5,500.0,3.8461538461538463,2255.0,52.5,77.04,-0.07894736842105263,0.0,False
"[2260.0, 2270.0)",28,47.4,83.7,187.0,3.571428571428571,2265.0,50.0,83.7,-0.047619047619047616,0.08644859813084108,False
"[2270.0, 2280.0)",30,50.0,89.30000000000001,166.0,0.0,2275.0,49.5,83.7,-0.01,0.0,False
"[2280.0, 2290.0)",20,49.5,78.10000000000002,136.0,0.0,2285.0,50.0,89.30000000000001,0.010101010101010102,0.06690561529271216,False
"[2290.0, 2300.0)",28,52.2,95.70000000000002,185.0,3.571428571428571,2295.0,49.5,78.10000000000002,-0.01,-0.12541993281075015,False
"[2300.0, 2310.0)",33,49.4,65.0,175.0,3.0303030303030303,2305.0,52.0,74.2,0.050505050505050504,-0.04993597951344454,False
"[2310.0, 2320.0)",33,52.0,74.2,172.0,3.0303030303030303,2315.0,49.4,71.10000000000002,-0.05000000000000003,-0.04177897574123962,False
"[2320.0, 2330.0)",48,46.0,71.10000000000002,98.0,0.0,2325.0,52.0,74.2,0.05263157894736845,0.04360056258790407,False
"[2330.0, 2340.0)",34,56.5,89.89999999999999,147.0,0.0,2335.0,52.5,71.10000000000002,0.009615384615384616,-0.04177897574123962,False
"[2340.0, 2350.0)",24,52.5,65.8,322.0,4.166666666666666,2345.0,52.5,68.50699999999999,0.0,-0.036469760900141084,False
"[2350.0, 2360.0)",24,51.3,68.50699999999999,119.0,0.0,2355.0,52.5,68.50699999999999,0.0,0.0,False
"[2360.0, 2370.0)",21,58.5,79.0,143.0,0.0,2365.0,51.3,79.0,-0.022857142857142913,0.15316682966704148,False
"[2370.0, 2380.0)",30,50.787000000000006,83.00000000000001,94.2,0.0,2375.0,50.787000000000006,79.0,-0.009999999999999825,0.0,False
"[2380.0, 2390.0)",19,43.0,67.6,84.0,0.0,2385.0,49.05,81.51000000000003,-0.03420166578061332,0.0317721518987346,False
"[2390.0, 2400.0)",22,49.05,81.51000000000003,113.0,0.0,2395.0,49.05,81.51000000000003,0.0,0.0,False
"[2400.0, 2410.0)",31,52.0,87.5,104.0,0.0,2405.0,49.05,81.51000000000003,0.0,0.0,False
"[2410.0, 2420.0)",35,48.7,73.80000000000001,85.0,0.0,2415.0,49.9,73.80000000000001,0.017329255861365984,-0.0945896209054106,False
"[2420.0, 2430.0)",32,49.9,60.68000000000001,80.8,0.0,2425.0,49.9,70.2,0.0,-0.048780487804878155,False
"[2430.0, 2440.0)",26,55.85,70.2,93.7,0.0,2435.0,55.85,70.2,0.11923847695390788,0.0,False
"[2440.0, 2450.0)",16,57.9,189.0,189.0,18.75,2445.0,57.9,82.7,0.036705461056401024,0.17806267806267806,False
"[2450.0, 2460.0)",21,60.0,82.7,93.5,0.0,2455.0,57.9,84.62,0.0,0.02321644498186217,False
"[2460.0, 2470.0)",35,56.0,84.62,110.4,0.0,2465.0,57.0,84.62,-0.015544041450777177,0.0,False
"[2470.0, 2480.0)",33,57.0,92.56,116.8,0.0,2475.0,57.0,91.48,0.0,0.0810683053651619,False
"[2480.0, 2490.0)",30,58.0,91.48,112.0,0.0,2485.0,58.0,92.56,0.017543859649122806,0.011805859204197619,False
"[2490.0, 2500.0)",37,63.0,94.0,127.0,0.0,2495.0,58.0,91.48,0.0,-0.011668107173725132,False
"[2500.0, 2510.0)",53,49.6,89.58000000000001,150.0,0.0,2505.0,49.6,89.58000000000001,-0.14482758620689654,-0.02076956711849575,False
"[2510.0, 2520.0)",34,48.0,82.32,92.4,0.0,2515.0,48.0,82.32,-0.03225806451612906,-0.08104487608841279,False
"[2520.0, 2530.0)",26,47.5,72.0,83.3,0.0,2525.0,48.0,72.0,0.0,-0.1253644314868804,False
"[2530.0, 2540.0)",20,49.4,58.400000000000006,86.9,0.0,2535.0,49.4,60.5,0.029166666666666636,-0.1597222222222222,False
"[2540.0, 2550.0)",16,49.5,60.5,62.4,0.0,2545.0,49.4,60.5,0.0,0.0,False
"[2550.0, 2560.0)",26,38.0,72.0,79.0,0.0,2555.0,41.3,60.5,-0.1639676113360324,0.0,False
"[2560.0, 2570.0)",16,41.3,60.0,68.0,0.0,2565.0,41.3,62.0,0.0,0.024793388429752067,False
"[2570.0, 2580.0)",17,47.0,62.0,76.0,0.0,2575.0,47.0,62.0,0.1380145278450364,0.0,False
"[2580.0, 2590.0)",24,52.0,68.7,79.7,0.0,2585.0,50.0,66.0,0.06382978723404255,0.06451612903225806,False
"[2590.0, 2600.0)",31,50.0,66.0,76.0,0.0,2595.0,50.0,66.0,0.0,0.0,False
"[2600.0, 2610.0)",15,46.0,60.2,72.0,0.0,2605.0,49.0,66.0,-0.02,0.0,False
"[2610.0, 2620.0)",23,49.0,67.9,68.0,0.0,2615.0,49.0,60.2,0.0,-0.08787878787878783,False
"[2620.0, 2630.0)",19,50.0,56.79999999999999,71.0,0.0,2625.0,49.0,67.9,0.0,0.12790697674418608,False
"[2630.0, 2640.0)",26,47.6517,73.5,340.0,7.6923076923076925,2635.0,47.6517,57.0,-0.027516326530612284,-0.16053019145802658,False
"[2640.0, 2650.0)",21,45.2,57.0,75.0,0.0,2645.0,47.6517,73.5,0.0,0.2894736842105263,False
"[2650.0, 2660.0)",24,60.5,74.0,217.0,4.166666666666666,2655.0,53.0,69.0,0.11223733885674597,-0.061224489795918366,False
"[2660.0, 2670.0)",19,53.0,69.0,75.658,0.0,2665.0,53.0,69.0,0.0,0.0,False
"[2670.0, 2680.0)",14,47.0,65.5,79.0,0.0,2675.0,49.0,69.0,-0.07547169811320754,0.0,False
"[2680.0, 2690.0)",27,49.0,78.10000000000004,327.0,3.7037037037037033,2685.0,49.0,77.82000000000002,0.0,0.12782608695652206,False
"[2690.0, 2700.0)",18,61.1,77.82000000000002,203.0,5.555555555555555,2695.0,49.0,77.82000000000002,0.0,0.0,False
"[2700.0, 2710.0)",24,48.0,69.0,70.0,0.0,2705.0,61.1,77.82000000000002,0.2469387755102041,0.0,False
"[2710.0, 2720.0)",26,69.0,85.899,462.0,7.6923076923076925,2715.0,58.5,77.95700000000001,-0.04255319148936172,0.0017604728861473427,False
"[2720.0, 2730.0)",48,58.5,77.95700000000001,89.0,0.0,2725.0,58.5,85.899,0.0,0.10187667560321706,False
"[2730.0, 2740.0)",38,48.0,86.9,484.0,2.631578947368421,2735.0,48.0,77.95700000000001,-0.1794871794871795,-0.09245742092457412,False
"[2740.0, 2750.0)",37,48.0,75.4,438.0,5.405405405405405,2745.0,48.0,75.4,0.0,-0.03280013340687817,False
"[2750.0, 2760.0)",26,51.1,57.0,80.0,0.0,2755.0,50.0,72.0,0.041666666666666664,-0.045092838196286546,False
"[2760.0, 2770.0)",27,50.0,72.0,376.0,7.4074074074074066,2765.0,51.0,72.0,0.02,0.0,False
"[2770.0, 2780.0)",21,51.0,96.0,97.0,0.0,2775.0,50.0,81.94000000000011,-0.0196078431372549,0.1380555555555571,False
"[2780.0, 2790.0)",38,46.0,81.94000000000011,110.0,0.0,2785.0,46.0,81.94000000000011,-0.08,0.0,False
"[2790.0, 2800.0)",30,36.5,49.0,112.0,0.0,2795.0,46.0,81.94000000000011,0.0,0.0,False
"[2800.0, 2810.0)",43,50.0,170.0,203.0,13.953488372093023,2805.0,43.0,74.8,-0.06521739130434782,-0.08713692946058219,False
"[2810.0, 2820.0)",13,43.0,74.8,87.9,0.0,2815.0,43.0,97.6,0.0,0.3048128342245989,False
"[2820.0, 2830.0)",15,40.0,97.6,326.0,6.666666666666667,2825.0,40.0,82.83999999999999,-0.06976744186046512,-0.15122950819672137,False
"[2830.0, 2840.0)",15,37.3,82.83999999999999,90.0,0.0,2835.0,40.0,82.83999999999999,0.0,0.0,False
"[2840.0, 2850.0)",40,41.5,72.30000000000001,89.0,0.0,2845.0,41.5,72.72000000000001,0.0375,-0.12216320618058882,False
"[2850.0, 2860.0)",27,57.0,72.72000000000001,75.0,0.0,2855.0,46.25,72.72000000000001,0.1144578313253012,0.0,False
"[2860.0, 2870.0)",12,46.25,90.4,93.0,0.0,2865.0,52.5,76.0,0.13513513513513514,0.04510451045104492,False
"[2870.0, 2880.0)",16,52.5,76.0,185.0,6.25,2875.0,52.5,76.0,0.0,0.0,False
"[2880.0, 2890.0)",13,55.0,69.0,83.0,0.0,2885.0,55.0,72.48,0.047619047619047616,-0.04631578947368416,False
"[2890.0, 2900.0)",9,62.0,72.48,74.4,0.0,2895.0,55.0,69.0,0.0,-0.048013245033112634,False
"[2900.0, 2910.0)",6,50.0,55.5,58.0,0.0,2905.0,50.0,71.8,-0.09090909090909091,0.04057971014492749,False
"[2910.0, 2920.0)",9,48.0,71.8,75.0,0.0,2915.0,48.0,55.5,-0.04,-0.2270194986072423,False
"[2920.0, 2930.0)",16,35.0,55.5,70.0,0.0,2925.0,48.0,71.8,0.0,0.29369369369369364,False
"[2930.0, 2940.0)",15,55.0,100.39999999999999,123.0,0.0,2935.0,55.0,100.39999999999999,0.14583333333333334,0.39832869080779937,False
"[2940.0, 2950.0)",6,56.5,276.0,474.0,16.666666666666664,2945.0,55.0,100.39999999999999,0.0,0.0,False
"[2950.0, 2960.0)",10,41.0,93.29999999999984,519.0,10.0,2955.0,56.5,93.29999999999984,0.02727272727272727,-0.07071713147410509,False
"[2960.0, 2970.0)",10,63.0,68.8,85.0,0.0,2965.0,48.0,68.8,-0.1504424778761062,-0.2625937834941038,False
"[2970.0, 2980.0)",9,48.0,56.8,60.0,0.0,2975.0,48.0,61.0,0.0,-0.11337209302325578,False
"[2980.0, 2990.0)",17,43.0,61.0,67.0,0.0,2985.0,48.0,61.0,0.0,0.0,False
"[2990.0, 3000.0)",13,57.0,88.10880000000002,107.0,0.0,2995.0,51.0,79.0,0.0625,0.29508196721311475,False
"[3000.0, 3010.0)",12,51.0,79.0,349.0,8.333333333333332,3005.0,51.0,88.10880000000002,0.0,0.11530126582278502,False
"[3010.0, 3020.0)",12,43.0,115.80000000000003,963.0,8.333333333333332,3015.0,51.0,79.0,0.0,-0.10338127406116092,False
"[3020.0, 3030.0)",15,58.0,74.0,102.129,0.0,3025.0,56.0,83.20000000000002,0.09803921568627451,0.05316455696202553,False
"[3030.0, 3040.0)",7,56.0,83.20000000000002,118.0,0.0,3035.0,56.0,74.6,0.0,-0.10336538461538487,False
"[3040.0, 3050.0)",13,41.0,74.6,502.0,7.6923076923076925,3045.0,41.0,74.6,-0.26785714285714285,0.0,False
"[3050.0, 3060.0)",13,34.0,39.80904,43.0,0.0,3055.0,34.0,44.7,-0.17073170731707318,-0.40080428954423586,False
"[3060.0, 3070.0)",2,31.5,44.7,48.0,0.0,3065.0,34.0,44.7,0.0,0.0,False
"[3070.0, 3080.0)",7,39.0,50.2416,50.2416,0.0,3075.0,36.75,50.2416,0.08088235294117647,0.123973154362416,False
"[3080.0, 3090.0)",36,36.75,54.0,107.0,0.0,3085.0,39.0,54.0,0.061224489795918366,0.07480653482373177,False
"[3090.0, 3100.0)",13,42.0,56.80000000000001,59.0,0.0,3095.0,36.75,54.0,-0.057692307692307696,0.0,False
"[3100.0, 3110.0)",35,36.0,44.6,62.0,0.0,3105.0,36.0,56.80000000000001,-0.02040816326530612,0.051851851851852065,False
"[3110.0, 3120.0)",15,34.0,67.2754,67.459,0.0,3115.0,36.0,67.2754,0.0,0.18442605633802803,False
"[3120.0, 3130.0)",7,48.0,83.20000000000003,133.0,0.0,3125.0,45.0,80.0,0.25,0.1891419449011079,False
"[3130.0, 3140.0)",9,45.0,80.0,80.0,0.0,3135.0,45.0,80.0,0.0,0.0,False
"[3140.0, 3150.0)",17,38.0,48.800000000000004,79.0,0.0,3145.0,38.0,48.800000000000004,-0.15555555555555556,-0.38999999999999996,False
"[3150.0, 3160.0)",1,19.0,19.0,19.0,0.0,3155.0,38.0,48.800000000000004,0.0,0.0,False
"[3160.0, 3170.0)",12,46.0,54.9,80.0,0.0,3165.0,44.0,54.4,0.15789473684210525,0.11475409836065562,False
"[3170.0, 3180.0)",2,44.0,54.4,57.0,0.0,3175.0,44.0,54.9,0.0,0.009191176470588236,False
"[3180.0, 3190.0)",12,41.0,65.5,68.0,0.0,3185.0,44.0,65.5,0.0,0.19307832422586524,False
"[3190.0, 3200.0)",5,73.3,202.72000000000003,289.0,20.0,3195.0,49.0,65.5,0.11363636363636363,0.0,False
"[3200.0, 3210.0)",7,49.0,62.040000000000006,69.0,0.0,3205.0,49.0,62.4,0.0,-0.04732824427480918,False
"[3210.0, 3220.0)",15,36.0,62.4,143.0,0.0,3215.0,36.0,62.4,-0.2653061224489796,0.0,False
"[3220.0, 3230.0)",29,32.7,84.0,188.0,3.4482758620689653,3225.0,36.0,63.1,0.0,0.011217948717948763,False
"[3230.0, 3240.0)",10,44.833,63.1,64.0,0.0,3235.0,32.7,63.1,-0.09166666666666659,0.0,False
"[3240.0, 3250.0)",3,31.6,59.92,67.0,0.0,3245.0,44.833,63.1,0.37103975535168177,0.0,False
"[3250.0, 3260.0)",5,55.0,95.2,122.0,0.0,3255.0,50.0,63.8,0.11524992750875475,0.011093502377179014,False
"[3260.0, 3270.0)",5,50.0,63.8,69.0,0.0,3265.0,50.0,63.8,0.0,0.0,False
"[3270.0, 3280.0)",10,39.8,53.19999999999999,82.0,0.0,3275.0,50.0,63.8,0.0,0.0,False
"[3280.0, 3290.0)",5,62.0,121.0,141.0,0.0,3285.0,56.5,59.3,0.13,-0.07053291536050157,False
"[3290.0, 3300.0)",2,56.5,59.3,60.0,0.0,3295.0,56.5,59.3,0.0,0.0,False
"[3300.0, 3310.0)",5,54.0,57.6,60.0,0.0,3305.0,54.0,57.6,-0.04424778761061947,-0.02866779089376047,False
"[3310.0, 3320.0)",2,48.0,48.0,48.0,0.0,3315.0,48.0,57.6,-0.1111111111111111,0.0,False
"[3320.0, 3330.0)",5,43.995,63.800000000000004,73.0,0.0,3325.0,43.995,63.800000000000004,-0.08343750000000005,0.10763888888888894,False
"[3330.0, 3340.0)",21,34.6,80.0,98.0,0.0,3335.0,43.995,67.6,0.0,0.05956112852664561,False
"[3340.0, 3350.0)",2,62.0,67.6,69.0,0.0,3345.0,44.0,67.6,0.00011364927832714078,0.0,False
"[3350.0, 3360.0)",5,44.0,50.8,54.0,0.0,3355.0,52.0,61.0,0.18181818181818182,-0.09763313609467449,False
"[3360.0, 3370.0)",6,52.0,61.0,68.0,0.0,3365.0,50.0,55.6,-0.038461538461538464,-0.08852459016393441,False
"[3370.0, 3380.0)",3,50.0,55.6,57.0,0.0,3375.0,50.0,55.6,0.0,0.0,False
"[3380.0, 3390.0)",2,43.95,49.51,50.9,0.0,3385.0,43.95,55.6,-0.12099999999999994,0.0,False
"[3390.0, 3400.0)",5,34.9,60.400000000000006,77.0,0.0,3395.0,43.95,60.400000000000006,0.0,0.08633093525179864,False
"[3400.0, 3410.0)",13,56.0,62.400000000000006,64.0,0.0,3405.0,40.2,62.400000000000006,-0.08532423208191126,0.03311258278145695,False
"[3410.0, 3420.0)",11,40.2,66.0,71.0,0.0,3415.0,56.0,66.0,0.39303482587064664,0.0576923076923076,False
"[3420.0, 3430.0)",5,64.0,68.0,70.0,0.0,3425.0,49.5,66.0,-0.11607142857142858,0.0,False
"[3430.0, 3440.0)",2,49.5,50.7,51.0,0.0,3435.0,64.0,68.0,0.29292929292929293,0.030303030303030304,False
"[3440.0, 3450.0)",7,64.0,80.2,88.0,0.0,3445.0,49.5,50.7,-0.2265625,-0.25441176470588234,False
"[3450.0, 3460.0)",3,43.0,46.2,47.0,0.0,3455.0,43.0,64.4,-0.13131313131313133,0.2702169625246549,False
"[3460.0, 3470.0)",7,42.0,64.4,65.0,0.0,3465.0,43.0,61.8,0.0,-0.04037267080745355,False
"[3470.0, 3480.0)",4,57.0,61.8,63.0,0.0,3475.0,42.0,61.8,-0.023255813953488372,0.0,False
"[3490.0, 3500.0)",5,27.4,45.800000000000004,58.0,0.0,3495.0,46.6,61.8,0.10952380952380955,0.0,False
"[3500.0, 3510.0)",13,46.6,96.80000000000003,104.0,0.0,3505.0,44.5,70.6,-0.04506437768240346,0.14239482200647247,False
"[3510.0, 3520.0)",8,44.5,70.6,72.0,0.0,3515.0,46.6,96.80000000000003,0.04719101123595509,0.37110481586402316,False
"[3520.0, 3530.0)",9,51.0,104.0,104.0,0.0,3525.0,51.0,70.6,0.09442060085836906,-0.27066115702479365,False
"[3530.0, 3540.0)",2,54.5,58.1,59.0,0.0,3535.0,54.5,104.0,0.06862745098039216,0.473087818696884,False
"[3540.0, 3550.0)",4,63.5,109.50000000000001,129.0,0.0,3545.0,63.5,109.50000000000001,0.1651376146788991,0.05288461538461552,False
"[3550.0, 3560.0)",3,80.0,140.0,155.0,0.0,3555.0,63.5,109.50000000000001,0.0,0.0,False
"[3560.0, 3570.0)",2,39.5,39.9,40.0,0.0,3565.0,62.5,104.0,-0.015748031496062992,-0.05022831050228323,False
"[3570.0, 3580.0)",10,62.5,104.0,104.0,0.0,3575.0,39.5,46.52,-0.368,-0.5526923076923077,False
"[3580.0, 3590.0)",2,28.6,46.52,51.0,0.0,3585.0,47.0,71.4,0.189873417721519,0.5348237317282889,False
"[3590.0, 3600.0)",7,47.0,71.4,72.0,0.0,3595.0,28.6,46.52,-0.3914893617021276,-0.3484593837535014,False
"[3600.0, 3610.0)",6,6.1,9.5,10.9,0.0,3605.0,47.0,64.0,0.6433566433566432,0.3757523645743765,False
"[3610.0, 3620.0)",1,64.0,64.0,64.0,0.0,3615.0,23.65,24.279999999999998,-0.4968085106382979,-0.620625,False
"[3620.0, 3630.0)",4,23.65,24.279999999999998,24.4,0.0,3625.0,55.0,64.0,1.3255813953488373,1.6359143327841845,False
"[3630.0, 3640.0)",4,55.0,64.7,68.0,0.0,3635.0,55.0,60.0,0.0,-0.0625,False
"[3640.0, 3650.0)",2,56.0,60.0,61.0,0.0,3645.0,55.0,63.4,0.0,0.05666666666666664,False
"[3650.0, 3660.0)",5,54.0,63.4,67.0,0.0,3655.0,54.0,60.0,-0.01818181818181818,-0.05362776025236591,False
"[3660.0, 3670.0)",2,38.7,45.34,47.0,0.0,3665.0,38.7,49.2,-0.28333333333333327,-0.17999999999999997,False
"[3670.0, 3680.0)",9,24.1,49.2,50.0,0.0,3675.0,38.7,49.2,0.0,0.0,False
"[3690.0, 3700.0)",4,38.9,59.5,64.0,0.0,3695.0,38.9,59.5,0.0051679586563306385,0.20934959349593488,False
"[3700.0, 3710.0)",5,50.0,70.8,76.0,0.0,3705.0,50.0,59.5,0.28534704370179953,0.0,False
"[3710.0, 3720.0)",1,50.0,50.0,50.0,0.0,3715.0,50.0,50.0,0.0,-0.15966386554621848,False
"[3720.0, 3730.0)",1,46.0,46.0,46.0,0.0,3725.0,50.0,50.0,0.0,0.0,False
"[3730.0, 3740.0)",2,55.0,68.6,72.0,0.0,3735.0,55.0,67.0,0.1,0.34,False
"[3740.0, 3750.0)",1,67.0,67.0,67.0,0.0,3745.0,67.0,68.6,0.21818181818181817,0.023880597014925287,False
"[3750.0, 3760.0)",2,73.0,74.6,75.0,0.0,3755.0,67.0,67.0,0.0,-0.023323615160349774,False
"[3760.0, 3770.0)",7,30.6,38.040000000000006,48.0,0.0,3765.0,48.0,48.0,-0.2835820895522388,-0.2835820895522388,False
"[3770.0, 3780.0)",1,48.0,48.0,48.0,0.0,3775.0,48.0,48.0,0.0,0.0,False
"[3780.0, 3790.0)",1,50.0,50.0,50.0,0.0,3785.0,48.0,48.0,0.0,0.0,False
"[3790.0, 3800.0)",2,28.95,30.349999999999998,30.7,0.0,3795.0,48.5,50.0,0.010416666666666666,0.041666666666666664,False
"[3800.0, 3810.0)",2,48.5,53.7,55.0,0.0,3805.0,48.5,53.7,0.0,0.07400000000000005,False
"[3810.0, 3820.0)",5,55.0,73.6,84.0,0.0,3815.0,55.0,73.6,0.13402061855670103,0.37057728119180616,False
"[3820.0, 3830.0)",3,66.0,121.2,135.0,0.0,3825.0,66.0,73.6,0.2,0.0,False
"[3830.0, 3840.0)",1,66.0,66.0,66.0,0.0,3835.0,66.0,66.0,0.0,-0.10326086956521732,False
"[3840.0, 3850.0)",3,19.2,47.04,54.0,0.0,3845.0,64.0,66.0,-0.030303030303030304,0.0,False
"[3850.0, 3860.0)",6,64.0,67.0,67.0,0.0,3855.0,52.0,52.0,-0.1875,-0.21212121212121213,False
"[3870.0, 3880.0)",1,52.0,52.0,52.0,0.0,3875.0,64.0,67.0,0.23076923076923078,0.28846153846153844,False
"[3880.0, 3890.0)",4,68.0,68.0,68.0,0.0,3885.0,68.0,68.0,0.0625,0.014925373134328358,False
"[3890.0, 3900.0)",10,71.0,78.89999999999998,150.0,0.0,3895.0,71.0,78.89999999999998,0.04411764705882353,0.16029411764705848,False
"[3900.0, 3910.0)",2,113.8,113.8,113.8,0.0,3905.0,71.0,78.89999999999998,0.0,0.0,False
"[3910.0, 3920.0)",1,64.0,64.0,64.0,0.0,3915.0,77.0,77.0,0.08450704225352113,-0.024081115335867907,False
"[3920.0, 3930.0)",10,77.0,77.0,77.0,0.0,3925.0,64.0,64.0,-0.16883116883116883,-0.16883116883116883,False
"[3930.0, 3940.0)",3,50.0,54.8,56.0,0.0,3935.0,66.5,77.0,0.0390625,0.203125,False
"[3940.0, 3950.0)",2,66.5,83.7,88.0,0.0,3945.0,66.3,83.7,-0.003007518796992524,0.08701298701298706,False
"[3950.0, 3960.0)",9,66.3,84.0,84.0,0.0,3955.0,66.5,84.0,0.0030165912518854126,0.0035842293906809693,False
"[3960.0, 3970.0)",6,84.0,84.0,84.0,0.0,3965.0,66.3,84.0,-0.003007518796992524,0.0,False
"[3970.0, 3980.0)",4,54.15,66.3,66.3,0.0,3975.0,71.0,84.0,0.07088989441930622,0.0,False
"[3980.0, 3990.0)",12,71.0,84.0,84.0,0.0,3985.0,54.15,66.3,-0.23732394366197185,-0.21071428571428574,False
"[3990.0, 4000.0)",4,48.0,54.7,55.0,0.0,3995.0,71.0,84.0,0.31117266851338876,0.26696832579185525,False
"[4000.0, 4010.0)",5,84.0,84.0,84.0,0.0,4005.0,62.5,62.9,-0.11971830985915492,-0.2511904761904762,False
"[4020.0, 4030.0)",2,62.5,62.9,63.0,0.0,4025.0,63.5,66.1,0.016,0.05087440381558022,False
"[4030.0, 4040.0)",4,63.5,66.1,67.0,0.0,4035.0,62.5,66.1,-0.015748031496062992,0.0,False
"[4040.0, 4050.0)",3,61.0,73.0,76.0,0.0,4045.0,61.0,66.1,-0.024,0.0,False
"[4050.0, 4060.0)",4,49.5,60.8,62.0,0.0,4055.0,61.0,73.0,0.0,0.10438729198184578,False
"[4060.0, 4070.0)",2,120.0,171.2,184.0,50.0,4065.0,58.0,75.0,-0.04918032786885246,0.0273972602739726,False
"[4070.0, 4080.0)",11,58.0,75.0,190.0,9.090909090909092,4075.0,58.0,75.0,0.0,0.0,False
"[4080.0, 4090.0)",4,38.1,58.56,66.0,0.0,4085.0,58.0,75.0,0.0,0.0,False
"[4100.0, 4110.0)",9,97.0,119.3,119.3,0.0,4105.0,49.5,58.56,-0.14655172413793102,-0.21919999999999998,False
"[4110.0, 4120.0)",2,49.5,52.3,53.0,0.0,4115.0,62.0,72.83,0.25252525252525254,0.24368169398907097,False
"[4120.0, 4130.0)",5,62.0,72.83,72.83,0.0,4125.0,49.5,53.8,-0.20161290322580644,-0.26129342303995606,False
"[4130.0, 4140.0)",2,45.0,53.8,56.0,0.0,4135.0,56.5,56.9,0.1414141414141414,0.057620817843866204,False
"[4140.0, 4150.0)",2,56.5,56.9,57.0,0.0,4145.0,56.5,56.9,0.0,0.0,False
"[4150.0, 4160.0)",1,96.0,96.0,96.0,0.0,4155.0,62.5,62.9,0.10619469026548672,0.1054481546572935,False
"[4170.0, 4180.0)",2,62.5,62.9,63.0,0.0,4175.0,62.5,62.9,0.0,0.0,False
"[4180.0, 4190.0)",2,61.0,62.6,63.0,0.0,4185.0,62.5,62.9,0.0,0.0,False
"[4190.0, 4200.0)",6,71.0,94.0,117.0,0.0,4195.0,61.0,62.6,-0.024,-0.004769475357710606,False
"[4210.0, 4220.0)",1,57.0,57.0,57.0,0.0,4215.0,71.0,94.0,0.16393442622950818,0.5015974440894568,False
"[4220.0, 4230.0)",1,99.0,99.0,99.0,0.0,4225.0,57.0,57.0,-0.19718309859154928,-0.39361702127659576,False
"[4230.0, 4240.0)",1,38.0,38.0,38.0,0.0,4235.0,55.5,61.5,-0.02631578947368421,0.07894736842105263,False
"[4240.0, 4250.0)",2,55.5,61.5,63.0,0.0,4245.0,44.0,44.0,-0.2072072072072072,-0.2845528455284553,False
"[4250.0, 4260.0)",1,44.0,44.0,44.0,0.0,4255.0,55.5,61.5,0.26136363636363635,0.3977272727272727,False
"[4260.0, 4270.0)",1,97.0,97.0,97.0,0.0,4265.0,44.0,57.4,-0.2072072072072072,-0.0666666666666667,False
"[4270.0, 4280.0)",2,35.0,57.4,63.0,0.0,4275.0,53.5,64.0,0.2159090909090909,0.11498257839721257,False
"[4280.0, 4290.0)",4,53.5,64.0,67.0,0.0,4285.0,49.5,64.0,-0.07476635514018691,0.0,False
"[4300.0, 4310.0)",4,49.5,111.4,133.0,0.0,4305.0,49.5,64.0,0.0,0.0,False
"[4330.0, 4340.0)",4,44.0,50.2,52.0,0.0,4335.0,49.5,70.4,0.0,0.10000000000000009,False
"[4340.0, 4350.0)",3,56.0,70.4,74.0,0.0,4345.0,45.0,50.2,-0.09090909090909091,-0.2869318181818182,False
"[4360.0, 4370.0)",1,45.0,45.0,45.0,0.0,4365.0,56.0,56.0,0.24444444444444444,0.11553784860557763,False
"[4370.0, 4380.0)",1,56.0,56.0,56.0,0.0,4375.0,50.2416,55.67248,-0.10282857142857146,-0.005848571428571425,False
"[4380.0, 4390.0)",4,50.2416,55.67248,58.0,0.0,4385.0,55.0,55.67248,0.09471035954268976,0.0,False
"[4390.0, 4400.0)",1,55.0,55.0,55.0,0.0,4395.0,55.0,55.67248,0.0,0.0,False
"[4410.0, 4420.0)",5,58.0,62.2,65.0,0.0,4415.0,55.0,62.2,0.0,0.11724859391929375,False
"[4420.0, 4430.0)",3,52.0,64.0,67.0,0.0,4425.0,52.0,62.2,-0.05454545454545454,0.0,False
"[4430.0, 4440.0)",6,46.434,55.0,58.0,0.0,4435.0,48.5,55.0,-0.0673076923076923,-0.11575562700964634,False
"[4440.0, 4450.0)",2,48.5,51.3,52.0,0.0,4445.0,48.5,55.0,0.0,0.0,False
"[4450.0, 4460.0)",4,51.0,65.8,70.0,0.0,4455.0,49.5,51.3,0.020618556701030927,-0.06727272727272733,False
"[4460.0, 4470.0)",2,49.5,49.9,50.0,0.0,4465.0,51.0,51.0,0.030303030303030304,-0.005847953216374214,False
"[4470.0, 4480.0)",1,51.0,51.0,51.0,0.0,4475.0,49.5,51.0,-0.029411764705882353,0.0,False
"[4480.0, 4490.0)",5,39.5,64.2,73.0,0.0,4485.0,51.0,64.2,0.030303030303030304,0.2588235294117648,False
"[4490.0, 4500.0)",5,55.0,88.60000000000001,103.0,0.0,4495.0,51.0,64.2,0.0,0.0,False
"[4520.0, 4530.0)",3,51.0,52.6,53.0,0.0,4525.0,51.0,56.9,0.0,-0.11370716510903434,False
"[4530.0, 4540.0)",2,48.5,56.9,59.0,0.0,4535.0,49.0,52.6,-0.0392156862745098,-0.07557117750439363,False
"[4540.0, 4550.0)",1,49.0,49.0,49.0,0.0,4545.0,49.0,56.9,0.0,0.08174904942965774,False
"[4550.0, 4560.0)",3,60.0,68.8,71.0,0.0,4555.0,51.0,51.0,0.04081632653061224,-0.10369068541300525,False
"[4560.0, 4570.0)",1,51.0,51.0,51.0,0.0,4565.0,60.0,68.8,0.17647058823529413,0.3490196078431372,False
"[4590.0, 4600.0)",7,70.0,98.00000000000003,140.0,0.0,4595.0,70.0,75.5876,0.16666666666666666,0.09865697674418601,False
"[4600.0, 4610.0)",6,75.5876,75.5876,75.5876,0.0,4605.0,70.0,75.5876,0.0,0.0,False
"[4610.0, 4620.0)",2,56.0,56.0,56.0,0.0,4615.0,65.0,65.0,-0.07142857142857142,-0.14007059358942467,False
"[4620.0, 4630.0)",1,65.0,65.0,65.0,0.0,4625.0,56.0,56.0,-0.13846153846153847,-0.13846153846153847,False
"[4630.0, 4640.0)",1,42.0,42.0,42.0,0.0,4635.0,42.0,42.0,-0.25,-0.25,False
"[4640.0, 4650.0)",1,39.0,39.0,39.0,0.0,4645.0,42.0,42.0,0.0,0.0,False
"[4670.0, 4680.0)",3,55.0,75.0,80.0,0.0,4675.0,55.0,75.0,0.30952380952380953,0.7857142857142857,False
"[4690.0, 4700.0)",31,79.42,79.42,79.42,0.0,4695.0,79.42,79.42,0.444,0.05893333333333336,True
"[4700.0, 4710.0)",1,164.0,164.0,164.0,0.0,4705.0,79.42,79.42,0.0,0.0,False
"[4710.0, 4720.0)",18,64.79,64.79,64.79,0.0,4715.0,71.3138,79.46276,-0.10206748929740621,0.0005384034248300333,False
"[4720.0, 4730.0)",13,71.3138,79.46276,115.0,0.0,4725.0,71.3138,72.0,0.0,-0.09391518744126183,False
"[4740.0, 4750.0)",1,72.0,72.0,72.0,0.0,4745.0,71.3138,72.0,0.0,0.0,False
"[4760.0, 4770.0)",6,62.5986,66.2993,70.0,0.0,4765.0,62.5986,66.2993,-0.1222091656874266,-0.07917638888888885,False
"[4770.0, 4780.0)",1,45.0,45.0,45.0,0.0,4775.0,62.5986,66.2993,0.0,0.0,False
"[4780.0, 4790.0)",10,140.45,140.45,140.45,0.0,4785.0,45.0,45.0,-0.2811340828708629,-0.3212598021396908,False
"[4790.0, 4800.0)",18,41.0,43.10000000000001,49.0,0.0,4795.0,41.0,43.10000000000001,-0.08888888888888889,-0.042222222222222036,False
"[4820.0, 4830.0)",1,32.0,32.0,32.0,0.0,4825.0,32.0,43.10000000000001,-0.21951219512195122,0.0,False
"[4830.0, 4840.0)",25,32.0,58.20000000000002,63.0,0.0,4835.0,32.0,56.000000000000014,0.0,0.2993039443155453,False
"[4840.0, 4850.0)",18,50.0,56.000000000000014,72.0,0.0,4845.0,46.0,56.000000000000014,0.4375,0.0,False
"[4850.0, 4860.0)",1,46.0,46.0,46.0,0.0,4855.0,50.0,50.0,0.08695652173913043,-0.10714285714285737,False
"[4860.0, 4870.0)",3,50.0,50.0,50.0,0.0,4865.0,50.0,50.0,0.0,0.0,False
"[4870.0, 4880.0)",13,80.0,80.0,80.0,0.0,4875.0,50.0,50.0,0.0,0.0,False
"[4880.0, 4890.0)",2,42.5,48.5,50.0,0.0,4885.0,42.5,48.5,-0.15,-0.03,False
"[4890.0, 4900.0)",1,37.0,37.0,37.0,0.0,4895.0,37.0,42.0,-0.12941176470588237,-0.13402061855670103,False
"[4900.0, 4910.0)",5,35.0,42.0,42.0,0.0,4905.0,37.0,38.807424,0.0,-0.07601371428571435,False
"[4920.0, 4930.0)",5,38.51856,38.807424,39.0,0.0,4925.0,38.51856,42.0,0.04104216216216219,0.08226714558533962,False
"[4930.0, 4940.0)",4,92.0,103.27,108.1,0.0,4935.0,75.0,79.0,0.9471132877241516,0.8809523809523809,False
"[4940.0, 4950.0)",2,75.0,79.0,80.0,0.0,4945.0,75.0,79.0,0.0,0.0,False
"[4950.0, 4960.0)",1,38.0,38.0,38.0,0.0,4955.0,59.5,63.9,-0.20666666666666667,-0.19113924050632913,False
"[4960.0, 4970.0)",2,59.5,63.9,65.0,0.0,4965.0,38.0,38.0,-0.36134453781512604,-0.40532081377151796,False
"[4970.0, 4980.0)",1,34.0,34.0,34.0,0.0,4975.0,57.5,63.9,0.5131578947368421,0.6815789473684211,False
"[4980.0, 4990.0)",4,57.5,68.3,71.0,0.0,4985.0,57.5,68.3,0.0,0.06885758998435053,False
"[4990.0, 5000.0)",2,65.0,70.6,72.0,0.0,4995.0,65.0,70.6,0.13043478260869565,0.033674963396778876,False
"[5000.0, 5010.0)",1,77.0,77.0,77.0,0.0,5005.0,65.0,71.8,0.0,0.01699716713881024,False
"[5010.0, 5020.0)",3,51.0,71.8,77.0,0.0,5015.0,51.0,71.8,-0.2153846153846154,0.0,False
"[5020.0, 5030.0)",1,49.0,49.0,49.0,0.0,5025.0,51.0,61.361372,0.0,-0.1453847910863509,False
"[5030.0, 5040.0)",4,59.87124,61.361372,62.0,0.0,5035.0,49.0,49.0,-0.0392156862745098,-0.20145201446929842,False
"[5040.0, 5050.0)",1,42.0,42.0,42.0,0.0,5045.0,59.45256,61.361372,0.21331755102040814,0.25227289795918373,False
"[5060.0, 5070.0)",4,59.45256,62.635768,64.0,0.0,5065.0,43.0,43.0,-0.2767342566913855,-0.2992334004526496,False
"[5070.0, 5080.0)",1,43.0,43.0,43.0,0.0,5075.0,59.45256,62.635768,0.3826176744186046,0.4566457674418604,False
"[5110.0, 5120.0)",1,94.0,94.0,94.0,0.0,5115.0,59.0,59.0,-0.007612119646319659,-0.05804619494727037,False
"[5120.0, 5130.0)",1,59.0,59.0,59.0,0.0,5125.0,59.0,59.0,0.0,0.0,False
"[5130.0, 5140.0)",1,56.0,56.0,56.0,0.0,5135.0,56.0,56.0,-0.05084745762711865,-0.05084745762711865,False
"[5140.0, 5150.0)",1,34.0,34.0,34.0,0.0,5145.0,56.0,56.0,0.0,0.0,False
"[5180.0, 5190.0)",1,58.0,58.0,58.0,0.0,5185.0,58.0,58.0,0.03571428571428571,0.03571428571428571,False
"[5190.0, 5200.0)",1,87.0,87.0,87.0,0.0,5195.0,58.0,58.0,0.0,0.0,False
"[5200.0, 5210.0)",1,56.0,56.0,56.0,0.0,5205.0,58.0,58.0,0.0,0.0,False
"[5230.0, 5240.0)",1,58.0,58.0,58.0,0.0,5235.0,56.0,58.0,-0.034482758620689655,0.0,False
"[5240.0, 5250.0)",3,54.0,63.6,66.0,0.0,5245.0,58.0,58.0,0.03571428571428571,0.0,False
"[5260.0, 5270.0)",1,58.0,58.0,58.0,0.0,5265.0,58.0,62.38332,0.0,0.07557448275862065,False
"[5270.0, 5280.0)",7,60.0,62.38332,62.38332,0.0,5275.0,60.0,62.38332,0.034482758620689655,0.0,False
"[5280.0, 5290.0)",1,88.0,88.0,88.0,0.0,5285.0,60.0,62.38332,0.0,0.0,False
"[5290.0, 5300.0)",2,39.5,47.9,50.0,0.0,5295.0,82.0,82.0,0.36666666666666664,0.3144539277486354,False
"[5320.0, 5330.0)",1,82.0,82.0,82.0,0.0,5325.0,82.0,82.0,0.0,0.0,False
"[5350.0, 5360.0)",1,111.0,111.0,111.0,0.0,5355.0,82.0,82.0,0.0,0.0,False
"[5380.0, 5390.0)",1,58.0,58.0,58.0,0.0,5385.0,58.0,70.6,-0.2926829268292683,-0.1390243902439025,False
"[5390.0, 5400.0)",3,53.0,70.6,75.0,0.0,5395.0,53.0,58.0,-0.08620689655172414,-0.178470254957507,False
"[5400.0, 5410.0)",1,53.0,53.0,53.0,0.0,5405.0,53.0,53.0,0.0,-0.08620689655172414,False
"[5410.0, 5420.0)",1,44.0,44.0,44.0,0.0,5415.0,53.0,53.0,0.0,0.0,False
"[5420.0, 5430.0)",3,67.5,71.82000000000001,72.9,0.0,5425.0,59.05,69.5,0.11415094339622636,0.3113207547169811,False
"[5430.0, 5440.0)",6,59.05,69.5,71.0,0.0,5435.0,60.05,69.5,0.01693480101608806,0.0,False
"[5440.0, 5450.0)",6,60.05,64.45,65.4,0.0,5445.0,59.05,64.45,-0.01665278934221482,-0.07266187050359708,False
"[5450.0, 5460.0)",2,54.0,56.4,57.0,0.0,5455.0,56.5218,56.5218,-0.04281456392887381,-0.12301318851823125,False
"[5500.0, 5510.0)",4,56.5218,56.5218,56.5218,0.0,5505.0,56.5218,56.5218,0.0,0.0,False
"[5510.0, 5520.0)",1,61.0,61.0,61.0,0.0,5515.0,61.0,61.0,0.07922960698350019,0.07922960698350019,False
"[5520.0, 5530.0)",8,87.9228,87.94596,88.0,0.0,5525.0,76.0,76.28,0.2459016393442623,0.25049180327868853,False
"[5530.0, 5540.0)",17,76.0,76.28,114.6,0.0,5535.0,87.9228,87.94596,0.15687894736842098,0.15293602517042473,False
"[5540.0, 5550.0)",5,104.0,105.6,106.0,0.0,5545.0,76.0,76.28,-0.13560532649096702,-0.13264918593190636,False
"[5550.0, 5560.0)",1,58.0,58.0,58.0,0.0,5555.0,58.0,58.0,-0.23684210526315788,-0.23964341898269534,False
"[5560.0, 5570.0)",1,44.0,44.0,44.0,0.0,5565.0,46.0,46.0,-0.20689655172413793,-0.20689655172413793,False
"[5580.0, 5590.0)",1,46.0,46.0,46.0,0.0,5585.0,44.0,44.0,-0.043478260869565216,-0.043478260869565216,False
"[5590.0, 5600.0)",1,41.0,41.0,41.0,0.0,5595.0,41.0,41.0,-0.06818181818181818,-0.06818181818181818,False
"[5600.0, 5610.0)",1,29.5,29.5,29.5,0.0,5605.0,41.0,41.0,0.0,0.0,False
"[5610.0, 5620.0)",1,45.0,45.0,45.0,0.0,5615.0,45.0,45.0,0.0975609756097561,0.0975609756097561,False
"[5630.0, 5640.0)",2,66.5,82.1,86.0,0.0,5635.0,66.5,73.0,0.4777777777777778,0.6222222222222222,False
"[5640.0, 5650.0)",10,73.0,73.0,73.0,0.0,5645.0,66.5,73.0,0.0,0.0,False
"[5650.0, 5660.0)",1,35.4,35.4,35.4,0.0,5655.0,57.35,69.87,-0.137593984962406,-0.04287671232876706,False
"[5660.0, 5670.0)",2,57.35,69.87,73.0,0.0,5665.0,57.35,69.87,0.0,0.0,False
"[5670.0, 5680.0)",1,111.4,111.4,111.4,0.0,5675.0,57.35,69.87,0.0,0.0,False
"[5680.0, 5690.0)",1,56.0,56.0,56.0,0.0,5685.0,69.0,69.0,0.20313862249346118,-0.012451696006869966,False
"[5700.0, 5710.0)",1,69.0,69.0,69.0,0.0,5705.0,64.0,64.4,-0.07246376811594203,-0.06666666666666658,False
"[5710.0, 5720.0)",3,64.0,64.4,64.5,0.0,5715.0,64.0,64.4,0.0,0.0,False
"[5730.0, 5740.0)",2,41.0,41.0,41.0,0.0,5735.0,56.10312,56.10312,-0.12338875000000005,-0.12883354037267092,False
"[5750.0, 5760.0)",4,56.10312,56.10312,56.10312,0.0,5755.0,51.91632,51.91632,-0.07462686567164176,-0.07462686567164176,False
"[5760.0, 5770.0)",4,51.91632,51.91632,51.91632,0.0,5765.0,56.10312,56.10312,0.08064516129032255,0.08064516129032255,False
"[5770.0, 5780.0)",3,60.9,64.18,65.0,0.0,5775.0,51.91632,51.91632,-0.07462686567164176,-0.07462686567164176,False
"[5780.0, 5790.0)",1,48.5,48.5,48.5,0.0,5785.0,52.4,52.4,0.0093165309097409,0.0093165309097409,False
"[5790.0, 5800.0)",1,52.4,52.4,52.4,0.0,5795.0,49.0,49.0,-0.06488549618320608,-0.06488549618320608,False
"[5810.0, 5820.0)",1,49.0,49.0,49.0,0.0,5815.0,52.4,52.4,0.06938775510204079,0.06938775510204079,False
"[5820.0, 5830.0)",1,58.0,58.0,58.0,0.0,5825.0,49.0,49.0,-0.06488549618320608,-0.06488549618320608,False
"[5860.0, 5870.0)",1,40.0,40.0,40.0,0.0,5865.0,54.0,58.0,0.10204081632653061,0.1836734693877551,False
"[5870.0, 5880.0)",5,54.0,59.0,59.0,0.0,5875.0,54.0,58.0,0.0,0.0,False
"[5880.0, 5890.0)",6,56.0,58.0,58.0,0.0,5885.0,56.0,59.0,0.037037037037037035,0.017241379310344827,False
"[5910.0, 5920.0)",4,86.24808,86.24808,86.24808,0.0,5915.0,69.50088,69.50088,0.24108714285714278,0.17798101694915247,False
"[5970.0, 5980.0)",4,69.50088,69.50088,69.50088,0.0,5975.0,69.50088,69.50088,0.0,0.0,False
"[5980.0, 5990.0)",2,66.0,66.8,67.0,0.0,5985.0,66.0,66.8,-0.05037173630031728,-0.038861090679715105,False
"[5990.0, 6000.0)",4,63.22068,63.22068,63.22068,0.0,5995.0,66.0,66.8,0.0,0.0,False
"[6000.0, 6010.0)",5,71.1756,71.1756,71.1756,0.0,6005.0,63.22068,63.22068,-0.04211090909090907,-0.053582634730538856,False
"[6010.0, 6020.0)",9,46.0,50.4,52.0,0.0,6015.0,58.0,62.0,-0.08257867520564476,-0.019308239012930602,False
"[6020.0, 6030.0)",3,58.0,62.0,63.0,0.0,6025.0,58.0,62.0,0.0,0.0,False
"[6030.0, 6040.0)",5,65.31408,65.31408,65.31408,0.0,6035.0,65.31408,65.31408,0.12610482758620697,0.053452903225806515,False
"[6040.0, 6050.0)",3,116.0,116.8,117.0,0.0,6045.0,83.736,83.736,0.28205128205128205,0.28205128205128205,False
"[6050.0, 6060.0)",3,83.736,83.736,83.736,0.0,6055.0,83.736,87.0,0.0,0.038979650329607284,False
"[6060.0, 6070.0)",6,51.992779999999996,87.0,88.0,0.0,6065.0,53.17236,83.736,-0.36500000000000005,-0.0375172413793103,False
"[6080.0, 6090.0)",6,53.17236,55.58618,58.0,0.0,6085.0,53.17236,55.58618,0.0,-0.3361734498901309,False
"[6100.0, 6110.0)",5,54.00972,54.00972,54.00972,0.0,6105.0,53.17236,54.00972,0.0,-0.02836064647723584,False
"[6150.0, 6160.0)",10,52.75368,53.8,61.0,0.0,6155.0,54.00972,54.00972,0.015748031496063065,0.0,False
"[6180.0, 6190.0)",1,62.0,62.0,62.0,0.0,6185.0,60.0,60.0,0.11091114710463225,0.11091114710463225,False
"[6190.0, 6200.0)",1,60.0,60.0,60.0,0.0,6195.0,60.0,60.0,0.0,0.0,False
"[6200.0, 6210.0)",1,55.0,55.0,55.0,0.0,6205.0,60.0,60.0,0.0,0.0,False
"[6280.0, 6290.0)",6,76.0,76.0,76.0,0.0,6285.0,55.0,55.0,-0.08333333333333333,-0.08333333333333333,False
"[6290.0, 6300.0)",1,53.0,53.0,53.0,0.0,6295.0,61.0,61.0,0.10909090909090909,0.10909090909090909,False
"[6300.0, 6310.0)",1,61.0,61.0,61.0,0.0,6305.0,55.0,55.0,-0.09836065573770492,-0.09836065573770492,False
"[6350.0, 6360.0)",1,55.0,55.0,55.0,0.0,6355.0,55.0,55.0,0.0,0.0,False
"[6360.0, 6370.0)",1,55.0,55.0,55.0,0.0,6365.0,55.0,55.0,0.0,0.0,False
"[6380.0, 6390.0)",1,52.0,52.0,52.0,0.0,6385.0,55.0,55.0,0.0,0.0,False
"[6390.0, 6400.0)",2,90.0,116.4,123.0,0.0,6395.0,55.0,73.9,0.0,0.34363636363636374,False
"[6400.0, inf)",122,55.0,73.9,127.0,0.0,inf,72.5,95.15,0.3181818181818182,0.2875507442489851,True
